lag,acf
1,0.275708
2,0.248688
3,0.228429
4,0.21417
5,0.204443
6,0.195455
7,0.18661
8,0.177857
9,0.1681
10,0.159739
11,0.153176
12,0.145602
13,0.141078
14,0.134298
15,0.130717
16,0.123721
17,0.118427
18,0.114627
19,0.111313
20,0.107647
21,0.103346
22,0.10037
23,0.0972252
24,0.0951816
25,0.0915985
26,0.0882956
27,0.0867361
28,0.0838981
29,0.0811084
30,0.0788485
31,0.0768179
32,0.0747683
33,0.0743031
34,0.0727122
35,0.0705837
36,0.0683229
37,0.0667448
38,0.0658776
39,0.0647399
40,0.061414
41,0.060587
42,0.058818
43,0.0572413
44,0.0574963
45,0.0562062
46,0.0539297
47,0.052839
48,0.0518265
49,0.0506829
50,0.0492887
51,0.0492754
52,0.0485096
53,0.0479572
54,0.0455868
55,0.0451977
56,0.0444384
57,0.0438053
58,0.0422614
59,0.0419747
60,0.0420689
61,0.0410094
62,0.0411508
63,0.040408
64,0.0396808
65,0.037799
66,0.0379573
67,0.0369143
68,0.0378688
69,0.0359288
70,0.0356999
71,0.0348785
72,0.0336621
73,0.032227
74,0.0319984
75,0.0317019
76,0.0318735
77,0.0317469
78,0.0301174
79,0.0305098
80,0.0290963
81,0.0290306
82,0.028267
83,0.0282992
84,0.0275038
85,0.0269338
86,0.0281339
87,0.0269037
88,0.0267671
89,0.0265527
90,0.0258437
91,0.0249995
92,0.0247348
93,0.0255516
94,0.0252531
95,0.0249237
96,0.0253577
97,0.0242106
98,0.0239721
99,0.0244711
100,0.0254314
101,0.0257472
102,0.0233755
103,0.024746
104,0.0239338
105,0.0246016
106,0.0241125
107,0.0241019
108,0.023847
109,0.0236809
110,0.022798
111,0.0235046
112,0.0248372
113,0.023779
114,0.0227995
115,0.0216927
116,0.0233199
117,0.0233607
118,0.0232597
119,0.0231784
120,0.0233181
121,0.0234293
122,0.0232431
123,0.0233713
124,0.0231976
125,0.0221473
126,0.0221616
127,0.0222403
128,0.0229472
129,0.022915
130,0.0230947
131,0.0224543
132,0.0220034
133,0.0218865
134,0.0215246
135,0.0216468
136,0.0221629
137,0.0225801
138,0.0226796
139,0.0228893
140,0.0215867
141,0.0216271
142,0.022196
143,0.0227605
144,0.0232629
145,0.0228294
146,0.0231789
147,0.0236464
148,0.0228644
149,0.0214479
150,0.0234687
151,0.0234589
152,0.0220637
153,0.0223987
154,0.022563
155,0.0218358
156,0.0220055
157,0.0219562
158,0.0225709
159,0.022517
160,0.0223721
161,0.0228329
162,0.0230718
163,0.0223953
164,0.0219569
165,0.0215788
166,0.0219348
167,0.0222018
168,0.0220818
169,0.0226923
170,0.0230299
171,0.0209825
172,0.0215562
173,0.0213933
174,0.02165
175,0.0205574
176,0.0216366
177,0.0214706
178,0.0221616
179,0.0220917
180,0.022199
181,0.0213214
182,0.0229608
183,0.0221929
184,0.021895
185,0.022075
186,0.0226535
187,0.0228122
188,0.0221536
189,0.0222253
190,0.0220643
191,0.0215572
192,0.0201527
193,0.0215915
194,0.0215776
195,0.0217039
196,0.020991
197,0.0209285
198,0.0211244
199,0.020181
200,0.0208805
201,0.0205331
202,0.0201396
203,0.0211688
204,0.0212461
205,0.0212463
206,0.0218001
207,0.0220121
208,0.0211004
209,0.0221975
210,0.021075
211,0.0215019
212,0.0213055
213,0.0208919
214,0.0219519
215,0.0215349
216,0.0214097
217,0.0229688
218,0.0215524
219,0.0218462
220,0.021465
221,0.0229335
222,0.0227029
223,0.0221031
224,0.0210494
225,0.021772
226,0.0207361
227,0.0212202
228,0.0214749
229,0.0218114
230,0.0210736
231,0.0214456
232,0.0215646
233,0.0211698
234,0.0205984
235,0.0199282
236,0.0203375
237,0.0203184
238,0.0212158
239,0.0212643
240,0.0210125
241,0.0215874
242,0.021459
243,0.0212414
244,0.0222342
245,0.0219293
246,0.0211772
247,0.0218365
248,0.0215412
249,0.0224879
250,0.0224278
251,0.0212962
252,0.0224591
253,0.0216833
254,0.0221143
255,0.0212212
256,0.0216803
257,0.0208642
258,0.0212958
259,0.0214372
260,0.0209595
261,0.0211148
262,0.0208847
263,0.0211719
264,0.0209427
265,0.0212515
266,0.0216193
267,0.0201896
268,0.020527
269,0.0204345
270,0.0201307
271,0.021017
272,0.0199248
273,0.0207601
274,0.0197654
275,0.0203862
276,0.0198465
277,0.0202376
278,0.0200943
279,0.0198864
280,0.0200823
281,0.0198104
282,0.0208483
283,0.0215974
284,0.0213006
285,0.0207563
286,0.0211692
287,0.0204885
288,0.0214
289,0.0211775
290,0.0214228
291,0.0212748
292,0.0213064
293,0.020623
294,0.019578
295,0.0195936
296,0.019394
297,0.0194692
298,0.0201208
299,0.0199969
300,0.0199646
301,0.0199631
302,0.0193812
303,0.0196741
304,0.0200487
305,0.0194047
306,0.0181833
307,0.0195706
308,0.0189727
309,0.0195079
310,0.0200914
311,0.019253
312,0.0186601
313,0.0191184
314,0.0193105
315,0.0203894
316,0.0195912
317,0.0193138
318,0.0196082
319,0.0204135
320,0.0199202
321,0.019052
322,0.0190076
323,0.0183572
324,0.0188569
325,0.0189445
326,0.0195189
327,0.0191403
328,0.0198657
329,0.0191216
330,0.0197015
331,0.0194645
332,0.0190893
333,0.0189719
334,0.018396
335,0.019632
336,0.0186137
337,0.0192413
338,0.0183345
339,0.0190961
340,0.0186503
341,0.019387
342,0.0196322
343,0.0190176
344,0.0186688
345,0.0192816
346,0.0184959
347,0.0190056
348,0.0200363
349,0.0188598
350,0.0187397
351,0.0191679
352,0.0186743
353,0.0190379
354,0.0190784
355,0.0192908
356,0.0197475
357,0.0181961
358,0.0190645
359,0.0190887
360,0.0190566
361,0.0187236
362,0.0197431
363,0.0189749
364,0.0187747
365,0.0189619
366,0.0184623
367,0.0196421
368,0.0191627
369,0.020239
370,0.0194789
371,0.0197561
372,0.0197601
373,0.0188038
374,0.0193993
375,0.0189882
376,0.0190873
377,0.0188513
378,0.0189257
379,0.0189969
380,0.0193079
381,0.0192865
382,0.0197899
383,0.0196494
384,0.0196697
385,0.0194767
386,0.0191233
387,0.019529
388,0.0190858
389,0.0190729
390,0.018893
391,0.0191124
392,0.019311
393,0.0192384
394,0.0194325
395,0.0195677
396,0.0200726
397,0.0194535
398,0.0200991
399,0.0197103
400,0.0196163
401,0.019698
402,0.0198181
403,0.0197786
404,0.019728
405,0.0203583
406,0.0205703
407,0.0200426
408,0.0208154
409,0.0196939
410,0.0196867
411,0.0202672
412,0.0200273
413,0.0202771
414,0.0200097
415,0.0200024
416,0.0208178
417,0.0198923
418,0.0209904
419,0.0199102
420,0.0208418
421,0.0202484
422,0.0202396
423,0.0199494
424,0.0197938
425,0.0196547
426,0.019576
427,0.0198066
428,0.0194824
429,0.0192473
430,0.0207781
431,0.0203223
432,0.0200664
433,0.0194346
434,0.0191453
435,0.0197082
436,0.0195578
437,0.020988
438,0.0196868
439,0.0198287
440,0.020189
441,0.019808
442,0.0195093
443,0.0199233
444,0.0197295
445,0.0199429
446,0.0186208
447,0.0193632
448,0.0193704
449,0.0191259
450,0.0190952
451,0.0194682
452,0.0192554
453,0.0190657
454,0.0194489
455,0.0183089
456,0.0187645
457,0.0191127
458,0.0182362
459,0.0180703
460,0.0190556
461,0.0176734
462,0.0180613
463,0.0178956
464,0.0181322
465,0.0176477
466,0.0179004
467,0.0177954
468,0.0181758
469,0.0178915
470,0.0183143
471,0.0188191
472,0.0182528
473,0.0186248
474,0.0177119
475,0.0174948
476,0.0183083
477,0.018331
478,0.0185282
479,0.017796
480,0.01762
481,0.0183448
482,0.0178747
483,0.0179973
484,0.017923
485,0.0172928
486,0.0176191
487,0.0172319
488,0.0177916
489,0.0172467
490,0.0161019
491,0.016512
492,0.0168931
493,0.0175978
494,0.0167978
495,0.0169885
496,0.0175557
497,0.0173292
498,0.017576
499,0.0171902
500,0.0172855
501,0.0168939
502,0.0170035
503,0.0174868
504,0.0168722
505,0.0171675
506,0.0174195
507,0.01767
508,0.0176044
509,0.0170291
510,0.017381
511,0.0173535
512,0.0174614
513,0.0176064
514,0.0173827
515,0.0169374
516,0.0170377
517,0.0171394
518,0.0163633
519,0.0165784
520,0.0164613
521,0.0169319
522,0.0167405
523,0.0167403
524,0.01735
525,0.0164787
526,0.0165891
527,0.0170617
528,0.0167028
529,0.0169115
530,0.0169525
531,0.016328
532,0.0171933
533,0.0158268
534,0.0161933
535,0.0169131
536,0.0172097
537,0.0172288
538,0.0166648
539,0.0171068
540,0.0169226
541,0.0173185
542,0.0169488
543,0.0170999
544,0.016712
545,0.0169865
546,0.0171128
547,0.0169814
548,0.0170288
549,0.0173875
550,0.0167743
551,0.0169672
552,0.0172387
553,0.0168354
554,0.017333
555,0.0173334
556,0.0171983
557,0.0175894
558,0.0182536
559,0.0186555
560,0.0177878
561,0.0179966
562,0.0189025
563,0.0183832
564,0.0181214
565,0.0181152
566,0.0185298
567,0.0188681
568,0.0187538
569,0.0190468
570,0.0194168
571,0.0182424
572,0.0177022
573,0.0181427
574,0.0179228
575,0.018747
576,0.0182567
577,0.0184384
578,0.018341
579,0.018273
580,0.0173813
581,0.0182973
582,0.0189019
583,0.0185965
584,0.0187886
585,0.0180665
586,0.0183277
587,0.018252
588,0.0184747
589,0.018007
590,0.0177348
591,0.0177042
592,0.0191753
593,0.0178369
594,0.0186944
595,0.0176943
596,0.0175608
597,0.0181247
598,0.0174181
599,0.0179414
600,0.0180668
601,0.0179565
602,0.0180149
603,0.0183212
604,0.018179
605,0.0177018
606,0.0175842
607,0.0175682
608,0.0181749
609,0.0188927
610,0.0186944
611,0.0184221
612,0.0177014
613,0.0189161
614,0.019123
615,0.017976
616,0.0186599
617,0.0191075
618,0.0188966
619,0.0185983
620,0.0179952
621,0.0178317
622,0.0177824
623,0.0178666
624,0.0182919
625,0.0177078
626,0.0184215
627,0.017765
628,0.0174103
629,0.0174322
630,0.0175661
631,0.0177394
632,0.0177196
633,0.0186551
634,0.0183433
635,0.0181044
636,0.0179951
637,0.0180212
638,0.0178465
639,0.0183891
640,0.0187916
641,0.0178128
642,0.0181253
643,0.0172052
644,0.0176015
645,0.0181817
646,0.0180755
647,0.0184019
648,0.0184794
649,0.017989
650,0.0175749
651,0.0178927
652,0.0179648
653,0.0177345
654,0.0174697
655,0.0170315
656,0.0171086
657,0.0175443
658,0.0176924
659,0.0171345
660,0.017063
661,0.0173837
662,0.0171165
663,0.0184218
664,0.0179065
665,0.0177008
666,0.0177921
667,0.0164345
668,0.0170521
669,0.0177518
670,0.0179996
671,0.0171583
672,0.0175638
673,0.0176047
674,0.0172775
675,0.017061
676,0.0178366
677,0.0171821
678,0.017462
679,0.0173243
680,0.0179317
681,0.0181829
682,0.0176063
683,0.0178581
684,0.0175402
685,0.0174694
686,0.0179215
687,0.0186202
688,0.0187489
689,0.0187024
690,0.0175212
691,0.0172482
692,0.0176697
693,0.0175965
694,0.0180561
695,0.0188174
696,0.0185892
697,0.019137
698,0.0188978
699,0.0177343
700,0.0176012
701,0.0174442
702,0.0176721
703,0.0182029
704,0.0175577
705,0.0170629
706,0.0166543
707,0.0177648
708,0.0173191
709,0.0165131
710,0.0168532
711,0.0176324
712,0.017269
713,0.0176856
714,0.0167027
715,0.0160123
716,0.0161303
717,0.0163802
718,0.0166714
719,0.0166453
720,0.0175014
721,0.0174756
722,0.0167435
723,0.0169762
724,0.0171242
725,0.0165383
726,0.0170763
727,0.016855
728,0.0162035
729,0.0172149
730,0.0172057
731,0.0172572
732,0.0169894
733,0.0169064
734,0.0161321
735,0.015858
736,0.0165897
737,0.0160579
738,0.0165322
739,0.0170574
740,0.0165884
741,0.0169593
742,0.0164338
743,0.0159488
744,0.0165193
745,0.0165846
746,0.0165055
747,0.0171904
748,0.0161444
749,0.0162016
750,0.0164818
751,0.0170547
752,0.0173593
753,0.0182158
754,0.0166589
755,0.0169463
756,0.0174453
757,0.0167652
758,0.0162023
759,0.0170808
760,0.0171944
761,0.0167801
762,0.0164709
763,0.0165891
764,0.0163991
765,0.0167603
766,0.0173946
767,0.0168772
768,0.0163674
769,0.0164345
770,0.0159299
771,0.0163384
772,0.0159968
773,0.016465
774,0.0160852
775,0.0170236
776,0.016805
777,0.0166479
778,0.016687
779,0.0163666
780,0.0169022
781,0.017674
782,0.0169575
783,0.0171048
784,0.0164404
785,0.016581
786,0.01663
787,0.0170979
788,0.0168026
789,0.0160105
790,0.0164678
791,0.0165943
792,0.0159975
793,0.0167238
794,0.0166139
795,0.016663
796,0.0166129
797,0.0176458
798,0.0169834
799,0.0168297
800,0.0175467
801,0.0165079
802,0.0170995
803,0.0173502
804,0.0170082
805,0.0177995
806,0.0171313
807,0.0174812
808,0.0169274
809,0.0166329
810,0.0168753
811,0.0171676
812,0.0170777
813,0.0173539
814,0.016722
815,0.0169074
816,0.0176494
817,0.0171556
818,0.0181995
819,0.0182197
820,0.0174058
821,0.0171302
822,0.0160929
823,0.0171317
824,0.0173975
825,0.0168939
826,0.0162835
827,0.0165081
828,0.0168037
829,0.0161426
830,0.0162334
831,0.0161498
832,0.0164632
833,0.0168512
834,0.0166272
835,0.0157264
836,0.0159051
837,0.0166552
838,0.0159675
839,0.0164107
840,0.0161104
841,0.0162417
842,0.0170991
843,0.0168771
844,0.0164125
845,0.017131
846,0.0163877
847,0.0165739
848,0.0166911
849,0.0169763
850,0.0175049
851,0.0169335
852,0.0170072
853,0.0166164
854,0.016687
855,0.0155512
856,0.0157654
857,0.016716
858,0.0171368
859,0.0161446
860,0.0174362
861,0.0164293
862,0.01648
863,0.0166685
864,0.0165122
865,0.0169157
866,0.0165878
867,0.0173342
868,0.0174898
869,0.0176119
870,0.0171193
871,0.0174514
872,0.0169036
873,0.0171798
874,0.0167139
875,0.0168607
876,0.0167024
877,0.0174615
878,0.0176593
879,0.0174121
880,0.0167081
881,0.0169683
882,0.0166579
883,0.0174826
884,0.017508
885,0.0174535
886,0.017083
887,0.0172085
888,0.0171632
889,0.0177183
890,0.0173401
891,0.0167485
892,0.0171998
893,0.0165068
894,0.0169813
895,0.0176018
896,0.0171556
897,0.0167555
898,0.0171948
899,0.0169489
900,0.0165956
901,0.0173741
902,0.0176159
903,0.0168864
904,0.0167426
905,0.0172325
906,0.0172087
907,0.0169799
908,0.0171743
909,0.0174143
910,0.0171661
911,0.0166561
912,0.016908
913,0.0184747
914,0.0171909
915,0.016797
916,0.0172997
917,0.0177067
918,0.017673
919,0.016712
920,0.0172655
921,0.0171745
922,0.0158388
923,0.0171305
924,0.0168927
925,0.0168268
926,0.016761
927,0.0160183
928,0.0168878
929,0.0165153
930,0.0157466
931,0.0158685
932,0.0160704
933,0.0157744
934,0.0160872
935,0.0158036
936,0.016111
937,0.0158487
938,0.0155236
939,0.0155827
940,0.0165961
941,0.0168323
942,0.0166856
943,0.0168218
944,0.0173236
945,0.0171761
946,0.0162969
947,0.0166809
948,0.015954
949,0.0163483
950,0.0172132
951,0.0158985
952,0.0168417
953,0.0164297
954,0.0168647
955,0.016879
956,0.0167063
957,0.01675
958,0.0161169
959,0.0164711
960,0.0164541
961,0.016485
962,0.0171087
963,0.0168945
964,0.0170186
965,0.0172791
966,0.0171965
967,0.0173289
968,0.0171777
969,0.0170036
970,0.0175494
971,0.0179635
972,0.017648
973,0.0170224
974,0.016587
975,0.0165141
976,0.0170247
977,0.0168633
978,0.0162232
979,0.0168507
980,0.0171957
981,0.0171127
982,0.0170242
983,0.0174924
984,0.017179
985,0.0175513
986,0.0165335
987,0.0169735
988,0.0168273
989,0.0168613
990,0.0172912
991,0.017165
992,0.016848
993,0.0171518
994,0.0166417
995,0.0163526
996,0.0172631
997,0.0172911
998,0.0173425
999,0.0172195
1000,0.0167774
1001,0.0160677
1002,0.016315
1003,0.0168043
1004,0.0164533
1005,0.0167507
1006,0.0175229
1007,0.0173955
1008,0.0180201
1009,0.0169875
1010,0.0172414
1011,0.0171103
1012,0.0165887
1013,0.0178837
1014,0.0179985
1015,0.017678
1016,0.0176216
1017,0.0175492
1018,0.0172957
1019,0.0178076
1020,0.0175548
1021,0.0168614
1022,0.0172503
1023,0.0176549
1024,0.0175269
1025,0.0168089
1026,0.0163063
1027,0.0163946
1028,0.0169257
1029,0.0161022
1030,0.0172874
1031,0.0172571
1032,0.0161338
1033,0.0164767
1034,0.0163399
1035,0.0167566
1036,0.0165662
1037,0.0166889
1038,0.0170653
1039,0.0161145
1040,0.0165266
1041,0.016856
1042,0.0164482
1043,0.0159235
1044,0.0162444
1045,0.0158352
1046,0.015797
1047,0.0162781
1048,0.0155097
1049,0.0163108
1050,0.016133
1051,0.0157255
1052,0.0157726
1053,0.0158044
1054,0.0161155
1055,0.0151548
1056,0.0148753
1057,0.0148815
1058,0.0159181
1059,0.0155396
1060,0.0159267
1061,0.0158391
1062,0.0159333
1063,0.0150308
1064,0.014589
1065,0.0151315
1066,0.0152271
1067,0.0146492
1068,0.0145898
1069,0.0142295
1070,0.0151009
1071,0.0150746
1072,0.014123
1073,0.0147257
1074,0.0149918
1075,0.0155067
1076,0.0150343
1077,0.0153822
1078,0.0147493
1079,0.0145969
1080,0.0152421
1081,0.015515
1082,0.0152386
1083,0.0155524
1084,0.01569
1085,0.0152523
1086,0.0154954
1087,0.0154654
1088,0.0153336
1089,0.0151304
1090,0.0158314
1091,0.0157014
1092,0.0162509
1093,0.0161596
1094,0.0154596
1095,0.0161911
1096,0.0162467
1097,0.0155854
1098,0.0157514
1099,0.0158883
1100,0.0159117
1101,0.0162045
1102,0.0163334
1103,0.0154976
1104,0.0161533
1105,0.0162855
1106,0.0157139
1107,0.0155591
1108,0.015593
1109,0.0157855
1110,0.0160367
1111,0.0166688
1112,0.0160915
1113,0.0166901
1114,0.016079
1115,0.0157498
1116,0.0154181
1117,0.0165048
1118,0.0164177
1119,0.0160159
1120,0.0156437
1121,0.0152775
1122,0.0156209
1123,0.0156361
1124,0.0155034
1125,0.0161145
1126,0.0157432
1127,0.015876
1128,0.0160334
1129,0.0157132
1130,0.0155099
1131,0.0163609
1132,0.0157432
1133,0.0162781
1134,0.0162957
1135,0.0161602
1136,0.0172316
1137,0.0163963
1138,0.0160597
1139,0.0165738
1140,0.0168547
1141,0.0161646
1142,0.0156394
1143,0.0162772
1144,0.015962
1145,0.0161125
1146,0.0164484
1147,0.016118
1148,0.0161678
1149,0.0158197
1150,0.0162384
1151,0.0166029
1152,0.016263
1153,0.0159114
1154,0.0159351
1155,0.0159576
1156,0.0155487
1157,0.0167905
1158,0.0162217
1159,0.0163689
1160,0.0156114
1161,0.0162455
1162,0.0158358
1163,0.0162375
1164,0.0162367
1165,0.0165376
1166,0.0165864
1167,0.0172627
1168,0.0164674
1169,0.0172546
1170,0.0163885
1171,0.01573
1172,0.0157854
1173,0.0164504
1174,0.0172825
1175,0.0166677
1176,0.0159745
1177,0.0173099
1178,0.0168309
1179,0.0159426
1180,0.0162974
1181,0.0167504
1182,0.0170507
1183,0.0173871
1184,0.0172082
1185,0.016324
1186,0.0165042
1187,0.0166845
1188,0.0166086
1189,0.0165762
1190,0.0162086
1191,0.0170816
1192,0.0170704
1193,0.0161607
1194,0.0165745
1195,0.017422
1196,0.0170207
1197,0.0167394
1198,0.0172121
1199,0.0165549
1200,0.016566
1201,0.0158359
1202,0.0177251
1203,0.0173666
1204,0.0170142
1205,0.0171422
1206,0.0166607
1207,0.0160715
1208,0.016763
1209,0.0163141
1210,0.0170421
1211,0.0166212
1212,0.0167877
1213,0.017326
1214,0.0161821
1215,0.0164102
1216,0.0157776
1217,0.015688
1218,0.0170242
1219,0.016147
1220,0.0158081
1221,0.0156261
1222,0.0161393
1223,0.0152197
1224,0.0153459
1225,0.0155257
1226,0.0155525
1227,0.0154282
1228,0.0163452
1229,0.0162839
1230,0.0161857
1231,0.0154142
1232,0.0150212
1233,0.0157188
1234,0.0163977
1235,0.0163266
1236,0.0159177
1237,0.016119
1238,0.0161675
1239,0.0162871
1240,0.0162343
1241,0.0151166
1242,0.0153202
1243,0.0152979
1244,0.0152238
1245,0.015368
1246,0.0151425
1247,0.0163999
1248,0.0157576
1249,0.0155824
1250,0.0152308
1251,0.0162541
1252,0.0155804
1253,0.0158987
1254,0.0151947
1255,0.0160711
1256,0.0157062
1257,0.0158967
1258,0.0155693
1259,0.0150539
1260,0.0158538
1261,0.0147042
1262,0.0149517
1263,0.0151843
1264,0.015527
1265,0.0151922
1266,0.0156369
1267,0.0147226
1268,0.0146581
1269,0.0151787
1270,0.0149001
1271,0.0151006
1272,0.0151672
1273,0.0158159
1274,0.0148276
1275,0.0151419
1276,0.0153229
1277,0.0149219
1278,0.0156725
1279,0.0151808
1280,0.0151633
1281,0.0160226
1282,0.0151645
1283,0.0148474
1284,0.0154455
1285,0.0142514
1286,0.0143101
1287,0.015127
1288,0.0154182
1289,0.0146201
1290,0.0153142
1291,0.0148827
1292,0.0143881
1293,0.0144917
1294,0.0155566
1295,0.0150192
1296,0.015211
1297,0.0147887
1298,0.014911
1299,0.015528
1300,0.0147927
1301,0.0145538
1302,0.0152445
1303,0.0157698
1304,0.0154656
1305,0.0154926
1306,0.0154841
1307,0.0152795
1308,0.0151608
1309,0.0151225
1310,0.0147163
1311,0.0152234
1312,0.0150416
1313,0.0154404
1314,0.0160768
1315,0.0155892
1316,0.0148809
1317,0.013779
1318,0.0150083
1319,0.0154556
1320,0.0155057
1321,0.0146249
1322,0.0145176
1323,0.0150743
1324,0.014883
1325,0.0147667
1326,0.0146098
1327,0.0150143
1328,0.0155046
1329,0.0155243
1330,0.0147157
1331,0.0154991
1332,0.0151272
1333,0.015223
1334,0.0150262
1335,0.0146937
1336,0.0148161
1337,0.0152688
1338,0.014615
1339,0.0157921
1340,0.0149984
1341,0.015796
1342,0.0150424
1343,0.0151141
1344,0.014859
1345,0.0147624
1346,0.0153737
1347,0.0146472
1348,0.0144156
1349,0.0152491
1350,0.0150961
1351,0.0149195
1352,0.0149511
1353,0.0140892
1354,0.0149916
1355,0.0144531
1356,0.0142977
1357,0.0149
1358,0.014738
1359,0.0149441
1360,0.0146139
1361,0.014222
1362,0.014304
1363,0.0141654
1364,0.015241
1365,0.0145973
1366,0.014477
1367,0.0144947
1368,0.0150463
1369,0.0147265
1370,0.0152525
1371,0.0146239
1372,0.015543
1373,0.0148452
1374,0.0142494
1375,0.0138666
1376,0.0146451
1377,0.0147109
1378,0.0141202
1379,0.0134951
1380,0.0145263
1381,0.0134626
1382,0.0141793
1383,0.0144042
1384,0.0142803
1385,0.0142413
1386,0.0146099
1387,0.0140825
1388,0.0143973
1389,0.0145177
1390,0.0143909
1391,0.0146346
1392,0.0139454
1393,0.0144857
1394,0.0146839
1395,0.014478
1396,0.0146588
1397,0.0147206
1398,0.0140167
1399,0.0148578
1400,0.0144305
1401,0.0149036
1402,0.0150115
1403,0.0145808
1404,0.0142005
1405,0.0142233
1406,0.0148715
1407,0.0147037
1408,0.0148268
1409,0.0155998
1410,0.0148063
1411,0.0147656
1412,0.0150031
1413,0.0146245
1414,0.0148289
1415,0.0150517
1416,0.0150547
1417,0.0147082
1418,0.0148354
1419,0.0149842
1420,0.0151303
1421,0.0148719
1422,0.0146594
1423,0.0149157
1424,0.0135951
1425,0.0147326
1426,0.0156909
1427,0.0158241
1428,0.0148751
1429,0.0149561
1430,0.0147107
1431,0.0147446
1432,0.0148175
1433,0.0151559
1434,0.015013
1435,0.0156329
1436,0.0153112
1437,0.0156385
1438,0.0150382
1439,0.0153764
1440,0.0155461
1441,0.0157601
1442,0.0156988
1443,0.0156091
1444,0.016232
1445,0.0155309
1446,0.0153462
1447,0.0156915
1448,0.0156278
1449,0.0159932
1450,0.0165592
1451,0.0166682
1452,0.0165178
1453,0.0160664
1454,0.0153813
1455,0.0154528
1456,0.0159043
1457,0.0157158
1458,0.0152454
1459,0.0151418
1460,0.0149803
1461,0.0151315
1462,0.0154082
1463,0.0153079
1464,0.0150901
1465,0.0156004
1466,0.0155269
1467,0.0159183
1468,0.0148443
1469,0.0155005
1470,0.0150261
1471,0.0149418
1472,0.0147341
1473,0.0148581
1474,0.014977
1475,0.0147862
1476,0.014722
1477,0.0145411
1478,0.014231
1479,0.014069
1480,0.0139838
1481,0.0141808
1482,0.0144239
1483,0.0148671
1484,0.0146227
1485,0.0144132
1486,0.0140648
1487,0.0141038
1488,0.0154088
1489,0.0146158
1490,0.014696
1491,0.0146086
1492,0.0155913
1493,0.0146668
1494,0.0152272
1495,0.0148706
1496,0.015001
1497,0.0152305
1498,0.0150641
1499,0.014415
1500,0.0156891
1501,0.0155352
1502,0.0151253
1503,0.0144019
1504,0.0149991
1505,0.0153168
1506,0.0149951
1507,0.0134778
1508,0.0145268
1509,0.0147819
1510,0.0151031
1511,0.0146296
1512,0.0142258
1513,0.0148148
1514,0.0142897
1515,0.0136092
1516,0.0146713
1517,0.015847
1518,0.0149347
1519,0.0143147
1520,0.0142258
1521,0.0139605
1522,0.0140839
1523,0.0140185
1524,0.0149524
1525,0.0143294
1526,0.0155518
1527,0.01478
1528,0.0146463
1529,0.0150956
1530,0.0151355
1531,0.0145058
1532,0.0150928
1533,0.0153314
1534,0.0141391
1535,0.0144674
1536,0.0147173
1537,0.0149237
1538,0.0148941
1539,0.0155063
1540,0.0151593
1541,0.0152955
1542,0.0151668
1543,0.0150544
1544,0.0149713
1545,0.0147811
1546,0.0161348
1547,0.0150749
1548,0.0156023
1549,0.0148418
1550,0.0151319
1551,0.0146449
1552,0.014935
1553,0.0153136
1554,0.0158175
1555,0.0157061
1556,0.0155247
1557,0.0157257
1558,0.0158532
1559,0.0155193
1560,0.0158412
1561,0.0150208
1562,0.0148146
1563,0.0148348
1564,0.0148888
1565,0.0159362
1566,0.0161061
1567,0.0158809
1568,0.0150181
1569,0.0149684
1570,0.0144954
1571,0.0157785
1572,0.0164042
1573,0.015829
1574,0.0144087
1575,0.0145141
1576,0.0148729
1577,0.0148931
1578,0.014257
1579,0.0149322
1580,0.0155557
1581,0.0147524
1582,0.014896
1583,0.0151296
1584,0.0149167
1585,0.0150225
1586,0.0158617
1587,0.0153486
1588,0.0156268
1589,0.014645
1590,0.0144155
1591,0.0150743
1592,0.0151671
1593,0.0142309
1594,0.0145875
1595,0.0147066
1596,0.0140932
1597,0.014115
1598,0.0147487
1599,0.014586
1600,0.0140885
1601,0.0141336
1602,0.0134672
1603,0.013584
1604,0.013384
1605,0.0147245
1606,0.0136976
1607,0.0131097
1608,0.0134773
1609,0.0138586
1610,0.0136669
1611,0.0146372
1612,0.0140704
1613,0.0140353
1614,0.0147527
1615,0.014248
1616,0.0147866
1617,0.0143844
1618,0.0141282
1619,0.0138218
1620,0.0146851
1621,0.0135277
1622,0.0149529
1623,0.0149697
1624,0.0151837
1625,0.0148861
1626,0.0148783
1627,0.0140686
1628,0.0138182
1629,0.0146552
1630,0.0143333
1631,0.0149377
1632,0.0153572
1633,0.013927
1634,0.0140516
1635,0.0144908
1636,0.0142791
1637,0.0145775
1638,0.0145517
1639,0.0150886
1640,0.0144042
1641,0.0149127
1642,0.0147511
1643,0.0141921
1644,0.0135856
1645,0.0132637
1646,0.0134492
1647,0.0150293
1648,0.0138816
1649,0.0145391
1650,0.0145516
1651,0.0141326
1652,0.0129496
1653,0.0130344
1654,0.0134888
1655,0.0141392
1656,0.0137523
1657,0.0134047
1658,0.0145157
1659,0.0138353
1660,0.0137177
1661,0.0133021
1662,0.0133845
1663,0.0137526
1664,0.0147071
1665,0.0144737
1666,0.0144665
1667,0.0134327
1668,0.0136225
1669,0.0137551
1670,0.0133115
1671,0.0132333
1672,0.0127866
1673,0.01342
1674,0.0145759
1675,0.0141209
1676,0.0140065
1677,0.0135198
1678,0.013552
1679,0.0137084
1680,0.0135463
1681,0.0138388
1682,0.0137805
1683,0.0137662
1684,0.0145102
1685,0.0143816
1686,0.0142921
1687,0.0141016
1688,0.0143716
1689,0.0140664
1690,0.0145282
1691,0.0142956
1692,0.0144054
1693,0.0147935
1694,0.0145094
1695,0.0140573
1696,0.0151373
1697,0.0145561
1698,0.0142939
1699,0.0141861
1700,0.0144141
1701,0.013786
1702,0.0149431
1703,0.0145013
1704,0.0152997
1705,0.0148945
1706,0.0151401
1707,0.01523
1708,0.0149566
1709,0.0152807
1710,0.015193
1711,0.0159185
1712,0.0148733
1713,0.0151224
1714,0.0143921
1715,0.0146708
1716,0.0148666
1717,0.0142557
1718,0.0146231
1719,0.0150124
1720,0.0147048
1721,0.0143525
1722,0.0140158
1723,0.0135042
1724,0.0131702
1725,0.0136048
1726,0.0140114
1727,0.014942
1728,0.0147676
1729,0.014381
1730,0.0149797
1731,0.0145325
1732,0.0153764
1733,0.0151906
1734,0.0147794
1735,0.015192
1736,0.015208
1737,0.0157119
1738,0.0147871
1739,0.0140226
1740,0.014061
1741,0.015157
1742,0.0151172
1743,0.0149529
1744,0.0148594
1745,0.0152247
1746,0.0149023
1747,0.0147913
1748,0.0152101
1749,0.015419
1750,0.0150767
1751,0.0152517
1752,0.0150238
1753,0.0149221
1754,0.0151184
1755,0.0155548
1756,0.0146547
1757,0.0150983
1758,0.0140983
1759,0.0151489
1760,0.0149578
1761,0.0151205
1762,0.0151656
1763,0.0150641
1764,0.0152841
1765,0.0152263
1766,0.014847
1767,0.0164345
1768,0.0155123
1769,0.015427
1770,0.0167322
1771,0.0159078
1772,0.0156171
1773,0.0147803
1774,0.0150224
1775,0.0150196
1776,0.014834
1777,0.0145741
1778,0.0149279
1779,0.0145494
1780,0.0152763
1781,0.0164101
1782,0.0151554
1783,0.0149019
1784,0.0157106
1785,0.0155073
1786,0.0159523
1787,0.0163163
1788,0.0156578
1789,0.0154794
1790,0.0152633
1791,0.0151872
1792,0.0151468
1793,0.0151811
1794,0.0150237
1795,0.0143984
1796,0.0151922
1797,0.0154145
1798,0.0144683
1799,0.0150836
1800,0.015587
1801,0.0152151
1802,0.0148308
1803,0.0154866
1804,0.0155037
1805,0.0156724
1806,0.0149323
1807,0.0151344
1808,0.0153294
1809,0.0147913
1810,0.015085
1811,0.0145592
1812,0.01445
1813,0.0151583
1814,0.0156695
1815,0.0149227
1816,0.0148097
1817,0.0150877
1818,0.0152457
1819,0.0154641
1820,0.0157204
1821,0.015752
1822,0.016103
1823,0.0152821
1824,0.0145912
1825,0.0153074
1826,0.0149689
1827,0.0142398
1828,0.0146983
1829,0.0148748
1830,0.0145182
1831,0.0152455
1832,0.0153525
1833,0.0158873
1834,0.0150452
1835,0.0149777
1836,0.0149655
1837,0.0147449
1838,0.0142809
1839,0.0149406
1840,0.0146569
1841,0.0148319
1842,0.0146649
1843,0.0153247
1844,0.0147483
1845,0.0145166
1846,0.0145913
1847,0.0143827
1848,0.0147943
1849,0.0147141
1850,0.0150095
1851,0.014192
1852,0.0143949
1853,0.0149028
1854,0.0138091
1855,0.014124
1856,0.0139991
1857,0.0146063
1858,0.0137925
1859,0.0140425
1860,0.0143579
1861,0.014464
1862,0.0144011
1863,0.0148084
1864,0.0144843
1865,0.0131373
1866,0.0134812
1867,0.0138372
1868,0.0141584
1869,0.0141575
1870,0.0141731
1871,0.0132416
1872,0.0135283
1873,0.0134845
1874,0.0134149
1875,0.0128233
1876,0.0130325
1877,0.0135832
1878,0.0135489
1879,0.0144888
1880,0.0139199
1881,0.0136265
1882,0.01471
1883,0.0139788
1884,0.0143917
1885,0.013967
1886,0.0140304
1887,0.0135239
1888,0.0135042
1889,0.0125446
1890,0.0137752
1891,0.0138978
1892,0.0140537
1893,0.0137006
1894,0.0136123
1895,0.0139866
1896,0.0137608
1897,0.0141563
1898,0.0138355
1899,0.0138897
1900,0.0146095
1901,0.0135022
1902,0.0133443
1903,0.0144555
1904,0.0138109
1905,0.0135499
1906,0.0137853
1907,0.014261
1908,0.0140528
1909,0.0147886
1910,0.0144351
1911,0.0140998
1912,0.0142159
1913,0.0135649
1914,0.0142631
1915,0.0141988
1916,0.0142733
1917,0.0140558
1918,0.0130437
1919,0.013561
1920,0.0134518
1921,0.0135444
1922,0.0142366
1923,0.0136588
1924,0.0141637
1925,0.0138895
1926,0.0135793
1927,0.013463
1928,0.0135672
1929,0.0133012
1930,0.0133173
1931,0.014159
1932,0.0135675
1933,0.013004
1934,0.0139078
1935,0.0146954
1936,0.0139938
1937,0.0141336
1938,0.0144609
1939,0.0144287
1940,0.0137932
1941,0.0145845
1942,0.014826
1943,0.0144263
1944,0.0148788
1945,0.0140663
1946,0.0148505
1947,0.0148397
1948,0.015184
1949,0.015792
1950,0.0157448
1951,0.0158328
1952,0.0151462
1953,0.0151098
1954,0.0145056
1955,0.0151702
1956,0.0150193
1957,0.0155864
1958,0.015521
1959,0.0151758
1960,0.0155187
1961,0.0152645
1962,0.0153638
1963,0.0154032
1964,0.015774
1965,0.014288
1966,0.0154423
1967,0.0148133
1968,0.0148555
1969,0.0145493
1970,0.0147178
1971,0.0145307
1972,0.0150158
1973,0.0143786
1974,0.013666
1975,0.014012
1976,0.0144721
1977,0.0141401
1978,0.0144906
1979,0.0141624
1980,0.0153484
1981,0.0148964
1982,0.014478
1983,0.0154708
1984,0.0147404
1985,0.015369
1986,0.014814
1987,0.0151559
1988,0.0153942
1989,0.0146953
1990,0.015624
1991,0.0148323
1992,0.0153184
1993,0.0156226
1994,0.0144705
1995,0.0153789
1996,0.0153962
1997,0.0148129
1998,0.0152058
1999,0.0159653
2000,0.0151637
