number,value,params_market_maker_asymmetric_liquidity,params_market_maker_flow_response,params_market_maker_flow_signal_decay,params_market_maker_inventory_signal_decay,params_market_maker_inventory_skew,params_market_maker_level_spacing_ticks,params_market_maker_quote_size,params_market_maker_quote_size_sigma,params_market_maker_refresh_seconds,params_market_maker_spread_sensitivity,params_market_order_arrival_rate,params_order_flow_burst_interval_seconds,params_order_flow_burst_probability,params_reference_price_volatility,params_sign_regime_switch_probability,params_trade_sign_persistence,params_trade_size_median,params_trade_size_sigma,user_attrs_loss_std,user_attrs_metric_distances,user_attrs_seed_losses,state
0,109.29348976654519,,,,,,,,,,,,,,,,,,,45.832401177109766,"{'median_spread': 0.0, 'mean_trade_size': 0.18636887624526088, 'trades_per_second': 0.23948671887562092, 'return_volatility': 3.0913780021471062, 'spread_distribution': 1.0871762374001068, 'relative_spread_distribution': 1.0858595659090609, 'trade_size_distribution': 0.23063871692328064, 'interarrival_distribution': 0.4968442483132059, 'bid_depth_distribution': 0.4200351758150492, 'ask_depth_distribution': 0.488401962084631, 'sign_acf_curve': 0.5385091421018989, 'response_curve': 18.163710958006018, 'clock_response_curve': 2.3852991833159254, 'size_impact_curve': 17.17015287221922, 'flow_impact_curve': 18.675026563959303}","[59.605577757955, 168.98979406466492, 92.41023730044923]",COMPLETE
1,170.32584699219515,0.4322183989619903,3.5350668837584203,0.2889696757540235,0.8067587255421556,0.1413333420659988,1.0,0.3877893833115458,1.0017927418559007,0.17475296579552055,0.0016953863151333202,0.2881541446869786,0.008021358442025306,0.18870047982694504,19.896296486385808,0.07576138471613401,0.8993813222152263,0.0017184477977238522,3.466984267994904,46.61041250094273,"{'median_spread': 0.0, 'mean_trade_size': 2.0469441237543458, 'trades_per_second': 0.2710689519257858, 'return_volatility': 3.065544896978205, 'spread_distribution': 1.0965978293740073, 'relative_spread_distribution': 1.0949784323105647, 'trade_size_distribution': 1.006224526897089, 'interarrival_distribution': 0.21285001898402456, 'bid_depth_distribution': 0.566988529055604, 'ask_depth_distribution': 0.6228360756922858, 'sign_acf_curve': 0.2623508692028293, 'response_curve': 37.19225496662975, 'clock_response_curve': 2.164020729982196, 'size_impact_curve': 36.129072797852096, 'flow_impact_curve': 13.69257537776675}","[138.1771062640166, 233.81564483761656, 131.99322799981084]",COMPLETE
2,32.18801037425106,0.5585770340775884,0.5960509234630517,0.12843050342980988,0.7737073724215523,0.5329857463514135,1.0,0.399317507745317,1.65460539981877,0.29695364514809014,0.050868918458989956,0.7156030098445109,0.04740629215115039,0.2878287507573854,6.678764078182679,0.10008233761961838,0.72572682233658,0.0027131981504822586,2.345454318531447,2.640059828025372,"{'median_spread': 0.0, 'mean_trade_size': 0.05775695876770687, 'trades_per_second': 0.6408807539060004, 'return_volatility': 0.37131888047213385, 'spread_distribution': 1.0798744916006962, 'relative_spread_distribution': 1.0784750507909273, 'trade_size_distribution': 0.16884116088626097, 'interarrival_distribution': 0.6940035268406913, 'bid_depth_distribution': 1.7517487900130249, 'ask_depth_distribution': 1.3262205260925672, 'sign_acf_curve': 0.8432352233804988, 'response_curve': 1.6049710133903528, 'clock_response_curve': 0.9183685248906782, 'size_impact_curve': 5.023041697121055, 'flow_impact_curve': 6.6602489911561635}","[35.37496930579422, 31.877486467720413, 28.91556637503473]",COMPLETE
3,31.038758402738473,0.6335610654647106,6.0908392182894175,0.11478185595175235,0.2712263888095461,0.45204990519484206,2.0,0.2251292351300862,1.2518391404476132,0.25977794170104734,0.37753757790959325,0.6343237532597547,0.01111251607095367,0.4623469146119951,5.872339958979216,0.0958937998965931,0.7922187757589123,0.0006976214416323442,2.6792643988196003,2.0300859690228785,"{'median_spread': 0.0, 'mean_trade_size': 0.4210328020446091, 'trades_per_second': 0.48600257377743206, 'return_volatility': 0.2239206545773019, 'spread_distribution': 0.953440695608045, 'relative_spread_distribution': 0.952748347410143, 'trade_size_distribution': 0.5578792582593878, 'interarrival_distribution': 0.5161017701694847, 'bid_depth_distribution': 0.5785199642565921, 'ask_depth_distribution': 0.6131606946728971, 'sign_acf_curve': 0.6233776944470989, 'response_curve': 1.7443239638750196, 'clock_response_curve': 0.9555987231543736, 'size_impact_curve': 6.830285211608402, 'flow_impact_curve': 6.131336850749318}","[30.029604382241494, 33.749892766564585, 29.032265164055914]",COMPLETE
4,43.74476141367273,1.272601321256533,0.17377572697944385,4.255121872721636,0.5658391446455379,0.05136641924712411,4.0,0.6156064232343306,1.7287493168046815,0.11168117861154331,1.93217859087248,0.4574429892197216,0.0018290319196163968,0.5969598646839582,6.593665578803274,0.02383935187701281,0.7203281825294343,0.001670411786538231,2.786518395147796,9.931616868374306,"{'median_spread': 0.0, 'mean_trade_size': 0.589600021087799, 'trades_per_second': 0.03656790506504656, 'return_volatility': 0.3459447644940878, 'spread_distribution': 1.0172840034387172, 'relative_spread_distribution': 1.016228528848001, 'trade_size_distribution': 0.3542618477042038, 'interarrival_distribution': 0.10957336492472042, 'bid_depth_distribution': 3.6816964184789107, 'ask_depth_distribution': 3.385930506274315, 'sign_acf_curve': 0.718908178683081, 'response_curve': 5.500764938319326, 'clock_response_curve': 1.3194784714362056, 'size_impact_curve': 6.436706138577741, 'flow_impact_curve': 4.65797301883887}","[29.685582387770307, 46.86760231794932, 53.1913570050424]",COMPLETE
5,89.22686723764514,0.6909454442449153,3.03416373131414,1.9577237339040088,0.31318165283577504,0.0900951523374121,2.0,0.21898402112830204,0.7190818714759089,0.1410790925700082,0.06552602411679105,0.4043668286489177,0.022378838375445867,0.6267378187042776,14.27776690340661,0.12127708010252,0.8264891706555159,0.0010646009018768225,2.2053141781961765,12.727495098501224,"{'median_spread': 0.0, 'mean_trade_size': 0.7327335060296991, 'trades_per_second': 0.06486748803351121, 'return_volatility': 1.919881999279488, 'spread_distribution': 1.0965978293740073, 'relative_spread_distribution': 1.0949478529230612, 'trade_size_distribution': 0.8603082248601207, 'interarrival_distribution': 0.2017458844148509, 'bid_depth_distribution': 1.0311243599578253, 'ask_depth_distribution': 1.051575805919969, 'sign_acf_curve': 0.6800222834166657, 'response_curve': 11.518903904997034, 'clock_response_curve': 1.4033229211909284, 'size_impact_curve': 19.300224033734334, 'flow_impact_curve': 17.080067969867127}","[83.2004564665448, 106.1581138618322, 76.41290711978323]",COMPLETE
6,54.94929094376126,0.8997816563151695,0.3315890883686423,2.111684852513392,0.06639122151848861,0.3279438594739169,4.0,0.32265529751313643,1.4748175310910436,0.13579616298669187,0.03070305323875532,0.6502395244992318,0.03319175681956308,0.5837979453992637,12.582223583284499,0.01609837141550287,0.9359956113584026,0.0023352124490130183,2.4148446086767015,4.108348783228386,"{'median_spread': 0.0, 'mean_trade_size': 0.044169668895940706, 'trades_per_second': 0.4901718739037239, 'return_volatility': 1.5771776747283965, 'spread_distribution': 1.0965978293740073, 'relative_spread_distribution': 1.0949961834597162, 'trade_size_distribution': 0.28948871045771013, 'interarrival_distribution': 0.3799869743357686, 'bid_depth_distribution': 0.3826743847318295, 'ask_depth_distribution': 0.3312786386934647, 'sign_acf_curve': 0.8667996227948397, 'response_curve': 7.585896069251301, 'clock_response_curve': 0.6439207969651792, 'size_impact_curve': 8.538083941298003, 'flow_impact_curve': 10.548646819356218}","[59.17595716436489, 55.781332928999234, 49.274330420435405]",COMPLETE
7,101.95420868273374,0.2542855853493137,0.10087803783601285,0.14032248859534693,0.7431103878330327,0.03390220094828607,5.0,0.4750976986281589,1.5255251119938007,0.1305356222671824,0.09973943916468243,0.25357163763949925,0.0011677460555962456,0.6070341569726441,14.423347967706343,0.07947043270572209,0.816659071744683,0.00044732735463127196,2.8121631981428292,13.49831771212351,"{'median_spread': 0.0, 'mean_trade_size': 0.5679420821106275, 'trades_per_second': 0.4107683310017629, 'return_volatility': 1.912354806313421, 'spread_distribution': 1.0824654414131567, 'relative_spread_distribution': 1.0812001605743153, 'trade_size_distribution': 0.6498081178679899, 'interarrival_distribution': 0.9128919893420558, 'bid_depth_distribution': 1.2661742439544295, 'ask_depth_distribution': 1.0303356467934834, 'sign_acf_curve': 0.5721074858138816, 'response_curve': 13.317498408177485, 'clock_response_curve': 1.2812888800802964, 'size_impact_curve': 26.618515009509874, 'flow_impact_curve': 17.010357991225145}","[94.9454668631918, 120.04168133764217, 88.85073019054869]",COMPLETE
8,41.42016421585688,0.8245711812010912,0.121948518749987,1.0688282650272138,1.5926544353466787,0.45182965525846097,1.0,1.0450363243725964,1.6546919420173578,0.2504615648076582,0.6440830138597193,0.5163224024718368,0.003656517326638407,0.07309372313973618,3.0318614287985017,0.15627095217356735,0.9032988122120198,0.0006951092413037789,2.253651595048075,2.696336430189417,"{'median_spread': 0.0, 'mean_trade_size': 0.7763908576366697, 'trades_per_second': 0.13958028049767593, 'return_volatility': 0.39322984764867713, 'spread_distribution': 1.0691328126749726, 'relative_spread_distribution': 1.0681147855363136, 'trade_size_distribution': 0.9296827516661536, 'interarrival_distribution': 0.6003187247916114, 'bid_depth_distribution': 6.3703020672518, 'ask_depth_distribution': 5.541290848000265, 'sign_acf_curve': 0.5420167497883935, 'response_curve': 2.9285446936822583, 'clock_response_curve': 1.140898091179273, 'size_impact_curve': 4.137787337336677, 'flow_impact_curve': 4.934664606626501}","[38.62506172132303, 44.98139498815137, 40.24958547356784]",COMPLETE
9,33.43042180278579,1.4888365787589604,0.2893562624065467,0.7579869226867143,0.08674743329534916,0.09608661569143832,3.0,0.12398988045608371,0.23710458895897946,0.4257739565093408,1.8654934326462584,0.6539354232267758,0.04584380451755028,0.05687693950992475,3.681685220461624,0.011232475755896806,0.730296239994382,0.0008288896406912754,2.0954334285478278,5.729301400178382,"{'median_spread': 0.0, 'mean_trade_size': 0.8194977602189613, 'trades_per_second': 0.4682748867517769, 'return_volatility': 0.26686200203147287, 'spread_distribution': 1.0006936721203452, 'relative_spread_distribution': 1.0002833392866923, 'trade_size_distribution': 0.9383039339923546, 'interarrival_distribution': 0.7451001215860247, 'bid_depth_distribution': 1.1842604269727872, 'ask_depth_distribution': 1.1964184632797716, 'sign_acf_curve': 0.6781438156321924, 'response_curve': 2.82847409750879, 'clock_response_curve': 1.0843453919386195, 'size_impact_curve': 3.646075802204228, 'flow_impact_curve': 5.89194738516121}","[29.15810992891658, 29.02769764085021, 41.24606262856383]",COMPLETE
10,27.000344173231973,0.5411707406778317,0.05875051392394376,1.1068583951220008,2.081403458315455,0.018948674519042703,2.0,1.0326318145339755,0.2382448418277294,0.17797304431818767,0.001770340247508059,0.7133064688850284,0.011016108546559088,0.1679127878872885,5.749731578231112,0.12571635168455234,0.8254788003466329,0.002291063953749639,2.914422197501839,2.820015734133172,"{'median_spread': 0.0, 'mean_trade_size': 1.409075888189302, 'trades_per_second': 0.6610876035887524, 'return_volatility': 0.1539036088450996, 'spread_distribution': 1.0965978293740073, 'relative_spread_distribution': 1.0951064668637323, 'trade_size_distribution': 1.0990876578031639, 'interarrival_distribution': 0.7336239396450837, 'bid_depth_distribution': 0.8656691135103186, 'ask_depth_distribution': 0.9077211450575654, 'sign_acf_curve': 0.6219319266357816, 'response_curve': 1.419978926191499, 'clock_response_curve': 1.0502592994632398, 'size_impact_curve': 3.4156448596702305, 'flow_impact_curve': 3.8510016467945576}","[25.354820664659755, 24.413004796591988, 30.810204698324203]",COMPLETE
11,40.77802504125452,0.41447577931619006,0.3541344520466925,0.1459863316037942,0.07744850176286446,0.8043927409283828,2.0,0.22614290352617478,0.805401813490271,0.6755804666264417,0.03702158411890916,0.5174958804639578,0.00582133078491999,0.6496920495006719,7.103411910319924,0.1205632089328436,0.792920092845325,0.0005523914083838797,2.288762328439783,5.387234005671775,"{'median_spread': 0.0, 'mean_trade_size': 0.8266259459500693, 'trades_per_second': 0.15578318109764652, 'return_volatility': 0.4283713974975343, 'spread_distribution': 1.0965978293740073, 'relative_spread_distribution': 1.0951359219668089, 'trade_size_distribution': 0.9462060580007844, 'interarrival_distribution': 0.10589552817981045, 'bid_depth_distribution': 0.9794102711317342, 'ask_depth_distribution': 1.013357757265444, 'sign_acf_curve': 0.7020917663399256, 'response_curve': 3.2536596809099763, 'clock_response_curve': 1.2235208851955808, 'size_impact_curve': 5.960858366591633, 'flow_impact_curve': 9.281619384172524}","[43.65152779025976, 44.94765852524236, 32.92680370741067]",COMPLETE
12,42.56049352723386,0.636938299193462,0.10890832232538526,4.425080145306073,0.734916337708068,0.4349562911074149,2.0,1.2814464019472038,1.1656952827127784,0.4047714837202507,2.098863073069224,0.5750641643143164,0.09490053682737178,0.07575857301348132,8.95770439081918,0.12279303417133113,0.856992855994686,0.0004529194101554881,3.1172355105227143,6.367838655788279,"{'median_spread': 0.0, 'mean_trade_size': 0.2739986659379723, 'trades_per_second': 0.26554176512481503, 'return_volatility': 0.7929633936742277, 'spread_distribution': 0.9942661682381941, 'relative_spread_distribution': 0.993493603067752, 'trade_size_distribution': 0.38942943799875424, 'interarrival_distribution': 0.6692684579086022, 'bid_depth_distribution': 1.7483745108958237, 'ask_depth_distribution': 1.5517477458031281, 'sign_acf_curve': 0.5825737668844857, 'response_curve': 3.5316455454468536, 'clock_response_curve': 1.2175726951222086, 'size_impact_curve': 8.807326085143943, 'flow_impact_curve': 7.427097596577937}","[36.755824054872505, 51.16986830682474, 38.800612421636075]",COMPLETE
13,24.521730532270404,0.9443252571934979,0.08707908455522119,1.1715965346544785,0.3089681178477579,0.11580059986683088,1.0,0.1647211666697315,1.1536785922002408,0.6438970122099474,0.6925314017436688,0.6593724963116494,0.0019559550354341145,0.5605234690305813,3.6855899684101305,0.12416271163325288,0.8663955387588235,0.0005842486239423761,2.4614818851392775,1.2896349505894698,"{'median_spread': 0.0, 'mean_trade_size': 0.711445595367417, 'trades_per_second': 0.44783502885064647, 'return_volatility': 0.24711432356812016, 'spread_distribution': 1.0456436196686296, 'relative_spread_distribution': 1.044563857698817, 'trade_size_distribution': 0.802146124693422, 'interarrival_distribution': 0.40596977932787937, 'bid_depth_distribution': 0.8757782877756989, 'ask_depth_distribution': 0.8992486196039368, 'sign_acf_curve': 0.5139466604080692, 'response_curve': 1.2641447187815096, 'clock_response_curve': 1.1089047788849866, 'size_impact_curve': 2.754582993006641, 'flow_impact_curve': 4.397174744883901}","[24.4442780511427, 26.043167999070644, 22.884300304009454]",COMPLETE
14,26.84499278535736,0.8139474861715972,1.5346879918523124,0.20890995586874447,0.07509740166213975,0.8364465989590908,3.0,0.17071620490853298,1.5550504967359584,0.6395301485201599,0.4187303097784232,0.6636381644897986,0.0013016886546185695,0.6319884099490902,6.352940431925025,0.05340592173676543,0.8535622352407337,0.0011250696498799498,2.9432771045969703,3.4008228232291517,"{'median_spread': 0.6666666000000067, 'mean_trade_size': 0.19818753045197823, 'trades_per_second': 0.6358281361324943, 'return_volatility': 0.29462827754652154, 'spread_distribution': 0.9230841728674143, 'relative_spread_distribution': 0.9231407504255387, 'trade_size_distribution': 0.22080489013273574, 'interarrival_distribution': 0.36703284682919324, 'bid_depth_distribution': 0.3625053044539883, 'ask_depth_distribution': 0.41190584936564134, 'sign_acf_curve': 0.2648783990312941, 'response_curve': 1.6928490303812749, 'clock_response_curve': 0.9823498567163483, 'size_impact_curve': 6.131973709330762, 'flow_impact_curve': 4.097201715304675}","[26.55450377478944, 30.899009514776143, 22.571341643022123]",COMPLETE
15,23.71536547775678,1.0915285368527479,1.097124441571665,0.05100229724259313,0.14979235902743404,1.4113681148506656,3.0,0.08901398102304384,1.1794342765714683,0.793799984082686,0.37965338860585457,0.7236993340512927,0.0010736994193980096,0.4088296789364816,2.258922196384476,0.05430206717930266,0.8582832303721226,0.001169323070759105,3.1760826505713777,0.13201530600692776,"{'median_spread': 2.99999970007279, 'mean_trade_size': 0.21341449844854998, 'trades_per_second': 0.9808808647004259, 'return_volatility': 0.5017103574583156, 'spread_distribution': 0.7937552823966666, 'relative_spread_distribution': 0.7951516525224904, 'trade_size_distribution': 0.18843222860661193, 'interarrival_distribution': 0.6442430284596985, 'bid_depth_distribution': 0.5317446444221691, 'ask_depth_distribution': 0.4327822504011755, 'sign_acf_curve': 0.20905853739691496, 'response_curve': 0.988994875602545, 'clock_response_curve': 1.0425767596347908, 'size_impact_curve': 2.5062082015204554, 'flow_impact_curve': 1.8019037106300742}","[23.56088958201509, 23.881402687391912, 23.68400186796229]",COMPLETE
16,22.265836473803656,1.1573982236653244,0.7848331663119918,0.07549488684339671,0.20513070877355344,1.5372876893538518,3.0,0.08441516280795316,0.9202299893233229,0.798253854513639,0.3008454874682754,0.7158562236742861,0.001016854502296836,0.38548636500341377,2.1364074573220204,0.05147719217658934,0.8794534255687906,0.001158538508707391,3.19239446565465,1.153568906538602,"{'median_spread': 1.9999998000727797, 'mean_trade_size': 0.03796736680378044, 'trades_per_second': 1.1009031229350292, 'return_volatility': 0.5483273445402638, 'spread_distribution': 0.8949445345318634, 'relative_spread_distribution': 0.8954860210397998, 'trade_size_distribution': 0.3436393905499646, 'interarrival_distribution': 0.6847520661556019, 'bid_depth_distribution': 0.7077436439412549, 'ask_depth_distribution': 0.6857084350116626, 'sign_acf_curve': 0.22491862815410557, 'response_curve': 1.244827571523935, 'clock_response_curve': 1.0592867513608233, 'size_impact_curve': 1.6797390291464904, 'flow_impact_curve': 1.4428404851639698}","[21.006953959675425, 23.76474825423771, 21.85277187151705]",COMPLETE
17,24.030201689357995,1.2034733113486313,1.0828751982211058,0.0505180680637981,0.16689950507673756,1.9470243755383674,4.0,0.0833158911452725,0.6392905474938155,0.7615934281975075,0.174575685462376,0.7391136294984246,0.0012500325137754869,0.35865127308356815,2.0536524866455195,0.06295356192764683,0.9374436119190325,0.0011701591898581058,3.304100356879303,0.47237767063228026,"{'median_spread': 1.9999998000727797, 'mean_trade_size': 0.15596994918705204, 'trades_per_second': 1.146675638599092, 'return_volatility': 0.5352231454052349, 'spread_distribution': 0.9279231785422429, 'relative_spread_distribution': 0.928072527958237, 'trade_size_distribution': 0.19290245387999053, 'interarrival_distribution': 0.6957623152517268, 'bid_depth_distribution': 0.49474610028120275, 'ask_depth_distribution': 0.5197764416379279, 'sign_acf_curve': 0.46660469809523947, 'response_curve': 1.5448758621300804, 'clock_response_curve': 1.0858265273683971, 'size_impact_curve': 2.3821753889658175, 'flow_impact_curve': 1.5158407902066726}","[24.059437390092704, 23.40342698981088, 24.556884037575546]",COMPLETE
18,18.968961521571778,1.186995420936565,1.2954137635159748,0.05014884812656879,0.18441581980471677,1.8216139471451451,3.0,0.08122345691593412,0.8852610913697349,0.7812459933729244,0.00960014362091301,0.7483899109292026,0.001125363331546977,0.39745760796850643,2.018328209157065,0.05197461982432033,0.8820386232109053,0.0012402428118566229,3.247865457039553,0.8836086907428253,"{'median_spread': 0.0, 'mean_trade_size': 0.2520333654988915, 'trades_per_second': 1.2177861089065918, 'return_volatility': 0.4873619515713626, 'spread_distribution': 1.0824654414131567, 'relative_spread_distribution': 1.0811423501714195, 'trade_size_distribution': 0.14579340021186438, 'interarrival_distribution': 0.6903185683438435, 'bid_depth_distribution': 0.4612946698853883, 'ask_depth_distribution': 0.4807636992480719, 'sign_acf_curve': 0.2592395792093108, 'response_curve': 0.8524731635770978, 'clock_response_curve': 0.9855716264934825, 'size_impact_curve': 2.4887565259771054, 'flow_impact_curve': 1.969514116716886}","[19.2199572533032, 17.72562286801563, 19.82876313978508]",COMPLETE
19,21.859762020565444,1.4072820594093483,0.931315945932609,0.051961723290361285,0.18270477044121913,1.8862165024942301,5.0,0.0805853829977726,0.6575719281805219,0.4723420475172908,0.008196593503538492,0.7320915761991371,0.0034429689736620505,0.35888086739346337,2.042364294163001,0.04736387425000153,0.8996706109039585,0.0013510831449501009,3.4425749557534555,0.5644794077301596,"{'median_spread': 0.0, 'mean_trade_size': 0.554010886672268, 'trades_per_second': 1.3400650038658448, 'return_volatility': 0.49124419706017974, 'spread_distribution': 1.0871762374001068, 'relative_spread_distribution': 1.0858475458618309, 'trade_size_distribution': 0.5274949345328831, 'interarrival_distribution': 0.7174381083374947, 'bid_depth_distribution': 0.5983995855377554, 'ask_depth_distribution': 0.4408130158975048, 'sign_acf_curve': 0.33866679162868124, 'response_curve': 1.5486188079105887, 'clock_response_curve': 0.9176283074144811, 'size_impact_curve': 2.6128692785845424, 'flow_impact_curve': 1.7978081182229968}","[22.492519912656704, 21.8887102919829, 21.113383945897198]",COMPLETE
20,56.381540586074806,1.4720881328710453,8.41256637267044,0.06107214739051692,0.17499081398469787,1.7791455923943802,5.0,0.08173377045360838,0.5423243955912527,0.4234308185915716,0.006901934376800685,0.7441662187745156,0.00399475824950243,0.2968079739083208,2.0966560338647335,0.042362323204302194,0.9398399841218755,0.0015849494759823351,3.474005664117554,2.4282178265598864,"{'median_spread': 0.0, 'mean_trade_size': 0.9654574663518152, 'trades_per_second': 1.2982074584720755, 'return_volatility': 0.31917530134427063, 'spread_distribution': 1.0871762374001068, 'relative_spread_distribution': 1.0858235916959784, 'trade_size_distribution': 0.4531884414874985, 'interarrival_distribution': 0.7329148406629536, 'bid_depth_distribution': 0.7011473823395887, 'ask_depth_distribution': 0.5762565540089408, 'sign_acf_curve': 0.561163655244139, 'response_curve': 7.43204897941238, 'clock_response_curve': 0.8600369381236685, 'size_impact_curve': 13.393278881271444, 'flow_impact_curve': 7.3913046112173575}","[53.854752795834415, 55.34032333844524, 59.585312949960795]",COMPLETE
21,21.602319409072013,1.2059254897351275,1.0876990913665001,0.051684618310830585,0.22179341369041777,1.9981113242586,5.0,0.08931402664946035,0.8012611333548912,0.7889500930616955,0.009558917841814377,0.74524115852915,0.0026643240306120437,0.3922456792224407,2.1895890721227427,0.0467543364801898,0.8900735508948386,0.0013834836301525719,3.2400496320104355,3.211924013372704,"{'median_spread': 0.0, 'mean_trade_size': 0.3784521306625666, 'trades_per_second': 1.2360164270814662, 'return_volatility': 0.4808328608216425, 'spread_distribution': 1.0824654414131567, 'relative_spread_distribution': 1.0811213290179982, 'trade_size_distribution': 0.1573898635874658, 'interarrival_distribution': 0.7054362372252769, 'bid_depth_distribution': 0.39624037134037343, 'ask_depth_distribution': 0.3444454639136372, 'sign_acf_curve': 0.30365878097234933, 'response_curve': 1.3289838965825775, 'clock_response_curve': 1.0527996754826476, 'size_impact_curve': 2.995134644358457, 'flow_impact_curve': 2.3723336235353893}","[18.739638576446325, 25.954843604193734, 19.630687444570075]",COMPLETE
22,21.117206325723615,1.2909201805415063,1.694841347212523,0.05040406064358652,0.2363365309893921,1.6807170400539548,5.0,0.08102392480161481,0.6741665380379807,0.48728938945998557,0.008071298449670078,0.7473082359442018,0.003573195089047497,0.40916203331014284,2.035221784956943,0.0439533853830891,0.8994409215612211,0.001486751784112689,3.4393774000637243,0.7315760734112489,"{'median_spread': 0.0, 'mean_trade_size': 0.6655721080496783, 'trades_per_second': 1.3662568873263323, 'return_volatility': 0.45307828801789823, 'spread_distribution': 1.0871762374001068, 'relative_spread_distribution': 1.085778000218604, 'trade_size_distribution': 0.5913348042944265, 'interarrival_distribution': 0.6816710210188827, 'bid_depth_distribution': 0.28540222099908696, 'ask_depth_distribution': 0.29985721575931595, 'sign_acf_curve': 0.33800989831924405, 'response_curve': 0.9839772782422237, 'clock_response_curve': 0.9333304009981055, 'size_impact_curve': 2.8433240458119933, 'flow_impact_curve': 2.2680518116829544}","[22.074391851928656, 20.833003595257765, 20.33448711897275]",COMPLETE
23,21.513778863388175,1.1482675488560163,1.9188189721124478,0.052388552597284636,0.2979896341256807,1.8367547798802566,5.0,0.12532960495450515,0.7985515287260678,0.5190995843162479,0.007926989724165586,0.7450922679568227,0.0031146738087693866,0.43515577895506924,3.329507956267477,0.038793682331609444,0.8995843255558539,0.001728378099809193,3.2054546627203697,1.3428956619552346,"{'median_spread': 0.0, 'mean_trade_size': 0.6140198187198732, 'trades_per_second': 1.0450131022731646, 'return_volatility': 0.2218336621770303, 'spread_distribution': 1.0871762374001068, 'relative_spread_distribution': 1.0858333650923804, 'trade_size_distribution': 0.43120133693321155, 'interarrival_distribution': 0.6414491306864626, 'bid_depth_distribution': 0.4485358369726697, 'ask_depth_distribution': 0.43958055780980737, 'sign_acf_curve': 0.28335429744165075, 'response_curve': 1.0639728362985799, 'clock_response_curve': 0.9318567256320102, 'size_impact_curve': 3.833046207845802, 'flow_impact_curve': 2.4861061886096727}","[20.45516477725031, 23.34514975684401, 20.53958770677692]",COMPLETE
24,22.595552638366307,1.1174493451786847,2.6285367202016983,0.05549390241846374,0.34885944096107224,1.9221436256910525,5.0,0.1522148288852884,0.5225863571849054,0.4554506582604741,0.007315965241603805,0.7490572329589956,0.004294932052542692,0.46439808388890935,3.467104350452684,0.030738557519098354,0.9020742648366089,0.0016642483102077776,3.1683364333358934,2.3292258557929295,"{'median_spread': 0.0, 'mean_trade_size': 0.6305232920730685, 'trades_per_second': 1.0194086832959333, 'return_volatility': 0.17764321398613805, 'spread_distribution': 1.0920753728763106, 'relative_spread_distribution': 1.090710205158716, 'trade_size_distribution': 0.26108366132342137, 'interarrival_distribution': 0.6060260380645687, 'bid_depth_distribution': 0.31473378362476606, 'ask_depth_distribution': 0.2662665583005597, 'sign_acf_curve': 0.3206262945726948, 'response_curve': 1.959281691740366, 'clock_response_curve': 1.0612229038459509, 'size_impact_curve': 3.071341929957102, 'flow_impact_curve': 2.4356769785790386}","[21.279482760778308, 20.42208475584665, 25.735706520105012]",COMPLETE
25,22.5832076638669,0.018308103290501032,2.8815448698581374,0.11788017028532635,0.3588276739460087,0.8422059848971746,5.0,0.13807470014949477,0.838687458844808,0.48091495040409704,0.005761228106014533,0.6022408271072351,0.0036109068719201143,0.45860299517981973,3.5057057682357318,0.06725587310909384,0.8912593815186856,0.0019772072494187625,3.496985661085954,2.3924543446480753,"{'median_spread': 0.0, 'mean_trade_size': 0.6619459647828162, 'trades_per_second': 0.7813204753648432, 'return_volatility': 0.2255324759340489, 'spread_distribution': 1.0965978293740073, 'relative_spread_distribution': 1.0951692919985796, 'trade_size_distribution': 0.4014243396242982, 'interarrival_distribution': 0.5008150914388078, 'bid_depth_distribution': 1.0647277920857385, 'ask_depth_distribution': 1.092528279009721, 'sign_acf_curve': 0.1985847166448633, 'response_curve': 1.2901764750300322, 'clock_response_curve': 1.076353888206336, 'size_impact_curve': 2.759492626552751, 'flow_impact_curve': 3.0446054166359886}","[20.438149472177464, 21.12918422904519, 25.823421138680846]",COMPLETE
26,25.956646700936936,1.1493861819302762,2.0142424594602577,0.052994319072365396,0.157905156737724,1.9404628915574706,4.0,0.13054961375816582,0.9051274019877384,0.4982308652580568,0.013562954715128389,0.7370750373917432,0.0028017386046085384,0.45827331883268163,3.4235470307524376,0.03361641207928706,0.9457481597379956,0.0016846180022248502,3.1247991810125986,3.764757480814803,"{'median_spread': 0.0, 'mean_trade_size': 0.7118123625614169, 'trades_per_second': 0.9493819920792941, 'return_volatility': 0.20700501017146655, 'spread_distribution': 1.079874491600696, 'relative_spread_distribution': 1.07863656172583, 'trade_size_distribution': 0.5678673931900962, 'interarrival_distribution': 0.6328889850054615, 'bid_depth_distribution': 0.62919892331446, 'ask_depth_distribution': 0.5257306060189468, 'sign_acf_curve': 0.588440614227594, 'response_curve': 2.206039750187932, 'clock_response_curve': 0.9961474729831985, 'size_impact_curve': 3.3454560756133405, 'flow_impact_curve': 3.0820957985735142}","[30.713763028721214, 21.587603452728057, 25.003859999239317]",COMPLETE
27,22.441111718550705,1.2810687254291524,2.0923042438776984,0.12205991770898586,0.384328120631858,0.7160193865425446,5.0,0.1261632890130267,0.555151512640336,0.3427562490279129,0.0012166405858034662,0.622755722283862,0.0057630407619445444,0.3027753808900995,3.192224496596533,0.033506291557415274,0.8834328778411338,0.000986165252995688,3.227750771931408,0.6823041645754327,"{'median_spread': 0.0, 'mean_trade_size': 0.08495186892925376, 'trades_per_second': 0.6337331999878836, 'return_volatility': 0.32930574310426836, 'spread_distribution': 1.0965978293740073, 'relative_spread_distribution': 1.0952094502797713, 'trade_size_distribution': 0.49120876946549435, 'interarrival_distribution': 0.6238973047060926, 'bid_depth_distribution': 0.8027893839839183, 'ask_depth_distribution': 0.7705976202342059, 'sign_acf_curve': 0.2863547379423445, 'response_curve': 1.3145260162643237, 'clock_response_curve': 0.909059912481247, 'size_impact_curve': 3.8596676541565818, 'flow_impact_curve': 2.9929042710617626}","[23.180767004586542, 22.519378602547604, 21.52084392383165]",COMPLETE
28,23.10132013032516,1.0640810573682173,1.774527651870004,0.05255650589922347,0.14294560756593339,1.9662648094562132,4.0,0.08473781640544434,0.8940442710480999,0.5331692797691309,0.014963974733646773,0.7478083109164751,0.002591570822458405,0.46460135422534016,2.1041483358141084,0.06906642052658309,0.9003603616899037,0.0026687929647975306,3.4664508579757056,1.5441987757391507,"{'median_spread': 0.0, 'mean_trade_size': 1.145503054129964, 'trades_per_second': 1.4640728228849023, 'return_volatility': 0.3363405740923325, 'spread_distribution': 1.0716554650299346, 'relative_spread_distribution': 1.0704733402741418, 'trade_size_distribution': 0.9031707956592618, 'interarrival_distribution': 0.6622391334638741, 'bid_depth_distribution': 0.35228349770666273, 'ask_depth_distribution': 0.4779892771157206, 'sign_acf_curve': 0.3794585056251405, 'response_curve': 1.639832217173345, 'clock_response_curve': 0.9452539703653406, 'size_impact_curve': 2.456618059961969, 'flow_impact_curve': 1.8987700911883636}","[21.16086330598116, 22.969296575458984, 24.94217069317447]",COMPLETE
29,28.30099459164889,1.4788238630207633,5.452801376780463,0.3216853649024726,0.3551503401327916,0.7212444310016064,5.0,0.08025929451499737,0.5751572543709526,0.5428479148080754,0.004113277746269429,0.7490688709273142,0.002342906862854113,0.2854349822566246,3.4851989749160346,0.04059531365691441,0.87074400472127,0.0016688279781062643,3.0429323003947997,2.646129744395553,"{'median_spread': 0.0, 'mean_trade_size': 0.08792975453065609, 'trades_per_second': 1.1699823366019808, 'return_volatility': 0.15074531183487264, 'spread_distribution': 1.0965978293740073, 'relative_spread_distribution': 1.0951874174129865, 'trade_size_distribution': 0.6468081463484788, 'interarrival_distribution': 0.7412881428956529, 'bid_depth_distribution': 0.9334201340265675, 'ask_depth_distribution': 1.0594010039404418, 'sign_acf_curve': 0.18725642804452447, 'response_curve': 1.203368073894634, 'clock_response_curve': 1.0026369237360964, 'size_impact_curve': 4.362692908322545, 'flow_impact_curve': 5.600284842885071}","[30.886521940455715, 24.581983412395584, 29.037558960436044]",COMPLETE
30,106.64815844601839,1.039167259279124,2.971506249670337,0.24610560083206975,0.47616168697573574,1.9904478633434057,4.0,0.14505347162132962,1.0632187014398793,0.34637631216283815,0.001790930100656527,0.6094190577299317,0.010054870482133542,0.45535078080341806,23.562459309487632,0.0812211735803656,0.9154037412404236,0.0016714160440381588,3.4809243405486026,22.020526162322817,"{'median_spread': 0.0, 'mean_trade_size': 1.0996724462632612, 'trades_per_second': 0.7719188676296226, 'return_volatility': 3.7763632977292283, 'spread_distribution': 1.0965978293740073, 'relative_spread_distribution': 1.0949693408920742, 'trade_size_distribution': 0.47500520133516216, 'interarrival_distribution': 0.5370143406696106, 'bid_depth_distribution': 0.6506728884604792, 'ask_depth_distribution': 0.7764436114185841, 'sign_acf_curve': 0.294869857674775, 'response_curve': 18.00286010514516, 'clock_response_curve': 1.1974815242007575, 'size_impact_curve': 19.059642642210882, 'flow_impact_curve': 15.96951368562315}","[110.44099958679102, 76.46576760026333, 129.73462922665237]",COMPLETE
31,19.594462134989882,1.220790120805886,1.1048170668344064,0.052047166742636056,0.20699989404778657,1.9505558469868438,5.0,0.08027801310497051,0.8552625041097623,0.7812307334089168,0.012654791153169004,0.7438974832181939,0.002624206688742613,0.38060125765591485,2.200961437559674,0.04534915353079316,0.892069147661705,0.00140807901971129,3.274450071170441,1.4175822563394276,"{'median_spread': 0.0, 'mean_trade_size': 0.550870444738408, 'trades_per_second': 1.259493672722367, 'return_volatility': 0.43636301169306924, 'spread_distribution': 1.079874491600696, 'relative_spread_distribution': 1.0786153598349246, 'trade_size_distribution': 0.3610496817121081, 'interarrival_distribution': 0.6932647934042322, 'bid_depth_distribution': 0.38630425427828513, 'ask_depth_distribution': 0.33031226446110534, 'sign_acf_curve': 0.2973255520176548, 'response_curve': 0.7558900103536724, 'clock_response_curve': 0.9279234931342241, 'size_impact_curve': 2.7301487500504726, 'flow_impact_curve': 2.128237515841023}","[21.48531145533209, 18.900525102538595, 18.184912508648043]",COMPLETE
32,18.922073516164296,1.2283213357075424,1.177434388486423,0.05507983172543727,0.19359422550038324,0.010374104824552281,5.0,0.08495186798382191,0.8719590738983585,0.7272239099595214,0.01478103057922231,0.7365278193650299,0.0029205086984002066,0.3660857033039848,2.0954144658140956,0.05012504971118067,0.8955864217949923,0.0013212084962684104,3.245703062251411,1.7769370496885606,"{'median_spread': 0.0, 'mean_trade_size': 0.27109546259908895, 'trades_per_second': 1.1506710896087615, 'return_volatility': 0.5581045249897817, 'spread_distribution': 1.079874491600696, 'relative_spread_distribution': 1.078625625503658, 'trade_size_distribution': 0.16530078190636727, 'interarrival_distribution': 0.7076973896820987, 'bid_depth_distribution': 0.3749334319643747, 'ask_depth_distribution': 0.48746702718922846, 'sign_acf_curve': 0.25133892283114206, 'response_curve': 1.2578167364586788, 'clock_response_curve': 1.0960769401972221, 'size_impact_curve': 1.8497315495864566, 'flow_impact_curve': 1.5495031948982347}","[18.45609411354541, 16.87014561691305, 21.17344026058115]",COMPLETE
33,18.889957050415102,1.247181566442992,0.7448188948478508,0.050609550339679024,0.13597374095240777,0.0102551547975103,5.0,0.0833033705259459,0.9512644647872175,0.7790440973463949,0.02628108006078171,0.7399235108404731,0.0022580694148490016,0.3274744874960192,2.0083816656215983,0.06253008670018784,0.8832889186572281,0.0011974265551704657,3.328583261670617,2.030428085261071,"{'median_spread': 0.0, 'mean_trade_size': 0.27068728409798853, 'trades_per_second': 1.223828507104946, 'return_volatility': 0.5845184937748801, 'spread_distribution': 1.0739898997640978, 'relative_spread_distribution': 1.0727630081508952, 'trade_size_distribution': 0.31037987563281283, 'interarrival_distribution': 0.7286510187703618, 'bid_depth_distribution': 0.4510331640909417, 'ask_depth_distribution': 0.4828446212520527, 'sign_acf_curve': 0.2530532954187101, 'response_curve': 1.1659302604266895, 'clock_response_curve': 1.0619552898759341, 'size_impact_curve': 1.7699834881697807, 'flow_impact_curve': 1.4435469084861399}","[16.05158965834284, 20.909329797899193, 19.404387482214112]",COMPLETE
34,20.02944950773834,1.2745219097658214,0.5212768683195963,0.11066312928179153,0.11958126772102042,0.011167979753208296,5.0,0.08521990706150037,1.0305300013380465,0.797625768770891,0.029530808491080206,0.6676885471121365,0.001051855099557857,0.25251251090762866,2.1064845173000846,0.0765173230365308,0.8656153615655031,0.0009794896483168217,3.189058940272486,0.92667019767258,"{'median_spread': 0.0, 'mean_trade_size': 0.08408493735241358, 'trades_per_second': 0.8304979151074751, 'return_volatility': 0.5690784901331735, 'spread_distribution': 1.0785790166944655, 'relative_spread_distribution': 1.0773439604240367, 'trade_size_distribution': 0.36796712928257874, 'interarrival_distribution': 0.6892334885613839, 'bid_depth_distribution': 0.7725784772537772, 'ask_depth_distribution': 0.8078577690017067, 'sign_acf_curve': 0.2751762252653214, 'response_curve': 1.5932297229647439, 'clock_response_curve': 1.1190762964614758, 'size_impact_curve': 1.2223082025715042, 'flow_impact_curve': 1.9931938498774933}","[20.17380334346237, 21.01062816399489, 18.764916486106888]",COMPLETE
35,19.487458026168753,1.2366262063844415,0.5823905247978374,0.10248387737857098,0.1257567824707511,0.010245800705379157,5.0,0.08277730303857936,1.0952634985728926,0.7965749676253749,0.03584001237707064,0.6719265953832078,0.002035232127192204,0.2727021714339823,2.006719323957918,0.0735856469370376,0.8616216562005002,0.0010818234484422683,3.2074280265459665,1.0772113875317362,"{'median_spread': 0.0, 'mean_trade_size': 0.06209850337986739, 'trades_per_second': 0.865094315511882, 'return_volatility': 0.5923046374223802, 'spread_distribution': 1.0786788435276198, 'relative_spread_distribution': 1.0774472470988592, 'trade_size_distribution': 0.35835694448703087, 'interarrival_distribution': 0.6936448359794071, 'bid_depth_distribution': 0.7669719560839465, 'ask_depth_distribution': 0.7627864710270815, 'sign_acf_curve': 0.25046096313444827, 'response_curve': 1.541086363731486, 'clock_response_curve': 1.0566064385989224, 'size_impact_curve': 1.5065339137611187, 'flow_impact_curve': 1.6246018051557376}","[18.101406176793603, 20.739635559255, 19.4597506343279]",COMPLETE
36,19.123816468829588,1.2961503164049823,0.4909485133107475,0.13813886143982407,0.0888843568961344,0.010786649215942263,4.0,0.08395291606324475,1.1417832654356546,0.7935950989785547,0.050134508377518504,0.6267631084418827,0.0016559300999955176,0.22617869706292654,2.0000353678519605,0.08844267181471926,0.8404102412657283,0.0009368477222267739,2.9918219863791005,0.42329386238685135,"{'median_spread': 0.0, 'mean_trade_size': 0.2614310727107226, 'trades_per_second': 0.6718946134015072, 'return_volatility': 0.5883193774949845, 'spread_distribution': 1.0785790166944655, 'relative_spread_distribution': 1.077366875335665, 'trade_size_distribution': 0.5673510147907144, 'interarrival_distribution': 0.675596089108251, 'bid_depth_distribution': 0.8947971129924296, 'ask_depth_distribution': 0.9176935089213566, 'sign_acf_curve': 0.3919390106656702, 'response_curve': 1.1915629082134858, 'clock_response_curve': 1.0899434533775612, 'size_impact_curve': 1.484820351262412, 'flow_impact_curve': 1.5173491157230738}","[19.354605898933414, 19.446946848872454, 18.506402579324867]",COMPLETE
37,20.08617083128544,1.467161243738694,0.4416437971415346,0.14971307633808165,0.0566819739372468,0.010007579051787195,4.0,0.12702610559746352,1.2495028161905837,0.7822175374738823,0.04785042992841877,0.6052706210935197,0.0010208585107930942,0.22055548334024258,2.0059878932483444,0.0956256361794741,0.8220366240231436,0.0008318373579346946,2.798500709561662,3.3163125877425075,"{'median_spread': 0.0, 'mean_trade_size': 0.21615181326287178, 'trades_per_second': 0.519884877501064, 'return_volatility': 0.5923387258212818, 'spread_distribution': 1.0811699665069263, 'relative_spread_distribution': 1.0798869280913515, 'trade_size_distribution': 0.44481720388091794, 'interarrival_distribution': 0.641700376223824, 'bid_depth_distribution': 0.7255149200314227, 'ask_depth_distribution': 0.6870523315610172, 'sign_acf_curve': 0.5426341700425162, 'response_curve': 1.331636502895979, 'clock_response_curve': 1.0639187752697863, 'size_impact_curve': 2.033308405128787, 'flow_impact_curve': 1.9438996727021969}","[19.725322537094414, 24.07599492623572, 15.959748142364807]",COMPLETE
38,19.435498156124368,1.047280645263789,0.4741583691408783,0.13428409955167012,0.09032485736403961,0.023902379046166856,3.0,0.0802729289660018,1.126159931676589,0.7727577162647294,0.05879718241390512,0.33162995164815484,0.001696522356360363,0.22213448890995546,2.047337022038841,0.08731497825597657,0.8366576980669699,0.0008722363719930798,2.9715275893845043,1.464931277701853,"{'median_spread': 0.0, 'mean_trade_size': 0.25835105765984695, 'trades_per_second': 0.15696915974358733, 'return_volatility': 0.5879749675792101, 'spread_distribution': 1.0811699665069263, 'relative_spread_distribution': 1.0798649543491814, 'trade_size_distribution': 0.5230580650414268, 'interarrival_distribution': 0.2778448965888514, 'bid_depth_distribution': 1.0445941842942064, 'ask_depth_distribution': 1.0425977890432174, 'sign_acf_curve': 0.34633081798653625, 'response_curve': 1.2960817964339406, 'clock_response_curve': 1.0256196892657705, 'size_impact_curve': 2.895023381858819, 'flow_impact_curve': 1.6654130487528527}","[21.00595047068638, 19.632522096212245, 17.4482822098192]",COMPLETE
39,22.14735972768641,1.2905689915957594,0.5180693591778435,0.12428166668707216,0.06057524124283247,0.010235136801175337,4.0,0.13092038912338008,1.0623338674445517,0.7928386636962819,0.05023383351005338,0.6380504356702414,0.0018017326388685521,0.21673582861507806,2.0124122067773706,0.09165825248039977,0.7772852830848751,0.0009899697506714567,2.947387677756244,1.4875725641115576,"{'median_spread': 0.0, 'mean_trade_size': 0.22434272965999322, 'trades_per_second': 0.6542090879537344, 'return_volatility': 0.5921486060484352, 'spread_distribution': 1.0785790166944655, 'relative_spread_distribution': 1.0773656978607358, 'trade_size_distribution': 0.5228458961480417, 'interarrival_distribution': 0.6866593855439403, 'bid_depth_distribution': 0.7712571067071888, 'ask_depth_distribution': 0.8535059669398782, 'sign_acf_curve': 0.5650376574070354, 'response_curve': 1.5375257136413811, 'clock_response_curve': 1.1073143197934325, 'size_impact_curve': 1.8910933273874757, 'flow_impact_curve': 2.5992273276760973}","[23.713295195555183, 20.112063143141224, 22.393584959746086]",COMPLETE
40,24.304913781223426,0.9785046233686179,0.612226862814539,0.11344917302962768,0.10276243411668025,0.026514508817416748,4.0,0.08097316741164308,1.279118228731708,0.6234318334669188,0.03644182462711611,0.4190295047827736,0.001017807798033666,0.3107463589660617,2.958368196497121,0.07297845251915644,0.8394806935881046,0.0008261596787976003,2.74585645548695,1.901112596340322,"{'median_spread': 0.0, 'mean_trade_size': 0.5059574379811187, 'trades_per_second': 0.051773471670310066, 'return_volatility': 0.4008382030990976, 'spread_distribution': 1.0824654414131567, 'relative_spread_distribution': 1.0811867372369692, 'trade_size_distribution': 0.7074711557860883, 'interarrival_distribution': 0.34551556385357246, 'bid_depth_distribution': 0.9592629847482983, 'ask_depth_distribution': 1.0082736614883976, 'sign_acf_curve': 0.33629734213201806, 'response_curve': 1.503212003394608, 'clock_response_curve': 0.9877713856174153, 'size_impact_curve': 3.639246532608823, 'flow_impact_curve': 4.1070320820549}","[23.301385942769237, 26.855521265813675, 22.47266724563633]",COMPLETE
41,20.914500830232587,1.045699198363923,0.3172902578262276,0.2889326665060356,0.09639739557416079,0.027599148283965206,3.0,0.08287108073352203,1.0735116978050363,0.7988642961786414,0.08707638972108298,0.33071380499943076,0.002022966956597839,0.18323079091942174,2.010099906308157,0.09485295116642965,0.8289166378735571,0.0008341687584486855,2.9282502749291783,1.959226468218809,"{'median_spread': 0.0, 'mean_trade_size': 0.4355323790070343, 'trades_per_second': 0.12872283870716963, 'return_volatility': 0.5936644238360356, 'spread_distribution': 1.0824654414131567, 'relative_spread_distribution': 1.0811078369057754, 'trade_size_distribution': 0.6758929956530135, 'interarrival_distribution': 0.29545380536980337, 'bid_depth_distribution': 1.055212938320078, 'ask_depth_distribution': 1.0905146412810354, 'sign_acf_curve': 0.4703739481962066, 'response_curve': 1.5475689794713015, 'clock_response_curve': 1.037117644264426, 'size_impact_curve': 2.5840514302541275, 'flow_impact_curve': 1.9442141666167612}","[18.881153918790837, 23.50137076347939, 20.067093838194705]",COMPLETE
42,21.854100784168047,1.1832782726938829,0.5217511682058918,0.11617862187110536,0.10263657338662112,0.021414849048536858,3.0,0.08356062395946437,1.067282910366766,0.7952763678040128,0.058600003746234544,0.3197824700666406,0.0019201063378263001,0.2176459349618141,2.0220892191739623,0.08765398287932569,0.8271592759159097,0.0009544196289929445,3.0004979971514336,0.32824487614070536,"{'median_spread': 0.0, 'mean_trade_size': 0.3288215649742711, 'trades_per_second': 0.13420893226376268, 'return_volatility': 0.5895070999982744, 'spread_distribution': 1.0798744916006962, 'relative_spread_distribution': 1.0786473741967522, 'trade_size_distribution': 0.6553535554716172, 'interarrival_distribution': 0.23618362956333785, 'bid_depth_distribution': 1.0076069197669972, 'ask_depth_distribution': 1.053012781638883, 'sign_acf_curve': 0.39665320317363123, 'response_curve': 1.3322887518172652, 'clock_response_curve': 1.095199295018194, 'size_impact_curve': 3.4293412660221634, 'flow_impact_curve': 2.6507323217042473}","[22.276799440119053, 21.487736536255266, 21.748529644708718]",COMPLETE
43,21.97566031215557,0.9717114179911275,0.5589666777127716,0.12204583925169295,0.10155086775203764,0.01257017634766604,3.0,0.08480790477359602,0.9889007614240669,0.7996590568396788,0.031589771470703513,0.3707961137631859,0.0017735701904770201,0.26570082043692117,2.0953770739667807,0.09529231271139106,0.8400529167451655,0.0010898841848543807,3.040814621227018,2.9389879092210025,"{'median_spread': 0.0, 'mean_trade_size': 0.14758019860229293, 'trades_per_second': 0.03329295839157224, 'return_volatility': 0.5777385958059028, 'spread_distribution': 1.0824654414131567, 'relative_spread_distribution': 1.0811032859586336, 'trade_size_distribution': 0.5886851179202598, 'interarrival_distribution': 0.28333727862298114, 'bid_depth_distribution': 1.0298396919465338, 'ask_depth_distribution': 1.077662718350507, 'sign_acf_curve': 0.3373061665267034, 'response_curve': 2.502211729815928, 'clock_response_curve': 1.146676152730633, 'size_impact_curve': 2.3490821996045725, 'flow_impact_curve': 1.6758603806962082}","[19.20184635062701, 20.35266980686806, 25.93161659258849]",COMPLETE
44,23.52409227400591,1.2717551126236086,0.27783147547092807,0.11267622547248801,0.09449486425025741,0.026129170378511084,3.0,0.08054757999074842,1.335616240416,0.6325962856089269,0.08045966934226938,0.2550360346197889,0.0018317827186684983,0.1788875842684259,2.0566610175491533,0.07453997097827399,0.8454697715941484,0.0007347960478011846,2.989202398253266,1.2654525466583537,"{'median_spread': 0.0, 'mean_trade_size': 0.3425248495282853, 'trades_per_second': 0.3677376328565707, 'return_volatility': 0.5820437678708165, 'spread_distribution': 1.0785790166944655, 'relative_spread_distribution': 1.0773365731148157, 'trade_size_distribution': 0.5809182608736301, 'interarrival_distribution': 0.28599488381511634, 'bid_depth_distribution': 0.942261808662078, 'ask_depth_distribution': 0.9522995441841803, 'sign_acf_curve': 0.3084147012429707, 'response_curve': 2.086446193206673, 'clock_response_curve': 1.096822173093489, 'size_impact_curve': 3.169472435763334, 'flow_impact_curve': 2.5895110238595183}","[22.470315763383223, 22.66524558739556, 25.246897589240184]",COMPLETE
45,25.461132552338373,1.2266704247783131,0.723586381218391,0.10070508148580669,0.06138179851579087,0.010585152572287091,3.0,0.49421813665486575,0.9819647212354924,0.6316321516408869,0.02580254948449583,0.35725653915400124,0.0016697097992379552,0.30270127009724335,2.8648449020530142,0.07296606347915319,0.7968049709155839,0.0011042630973641609,2.7184506772252393,0.8724012757356889,"{'median_spread': 0.0, 'mean_trade_size': 0.17097965893990538, 'trades_per_second': 0.185903682450372, 'return_volatility': 0.4148660693973791, 'spread_distribution': 1.091839901909681, 'relative_spread_distribution': 1.0904478025115598, 'trade_size_distribution': 0.31591405697870123, 'interarrival_distribution': 0.249570607523493, 'bid_depth_distribution': 0.24818936343772102, 'ask_depth_distribution': 0.3291292092960218, 'sign_acf_curve': 0.5314734383359925, 'response_curve': 2.67260141083278, 'clock_response_curve': 1.2013829838966974, 'size_impact_curve': 5.064477482852033, 'flow_impact_curve': 2.894039553598367}","[26.398392656914258, 24.278973993368883, 25.575170815371628]",COMPLETE
46,19.170316673047566,0.9374854520666125,0.8349488519856865,0.27043783820821693,0.12706479298412957,0.029471772415139316,4.0,0.12502712325093074,1.2839538822604675,0.7873846485143285,0.029140611677563273,0.44978346128834956,0.0018312603990737143,0.3027542261975871,2.0162532794557624,0.09688309712791393,0.8555314450977015,0.0007662377224083704,3.102183077730576,2.399117389360181,"{'median_spread': 0.0, 'mean_trade_size': 0.09583529820142482, 'trades_per_second': 0.17122344448576535, 'return_volatility': 0.5902871021469125, 'spread_distribution': 1.0824654414131567, 'relative_spread_distribution': 1.0811414765632816, 'trade_size_distribution': 0.25507271171953333, 'interarrival_distribution': 0.4201954910342565, 'bid_depth_distribution': 0.829561866468466, 'ask_depth_distribution': 0.8388285371471417, 'sign_acf_curve': 0.35956145774647186, 'response_curve': 1.9084236652338173, 'clock_response_curve': 1.1200699706829418, 'size_impact_curve': 1.7594607561487308, 'flow_impact_curve': 1.539666746638832}","[17.961005812276916, 22.377775377915935, 16.812301220545827]",COMPLETE
47,22.65078037380862,0.8020488835279049,0.9837723215687545,0.4174811826380154,0.16046146002256395,0.053906539296934744,4.0,0.15240635480044146,1.4150575936534127,0.6254147428080152,0.017293106368579423,0.4544860385386131,0.0020713938730147707,0.3362700635269945,2.8473186274056133,0.10878928652023305,0.8683142929512376,0.0007770883976043901,3.193357194439704,3.127624704156771,"{'median_spread': 0.0, 'mean_trade_size': 0.13886205897842663, 'trades_per_second': 0.13814566370885217, 'return_volatility': 0.41835125905242476, 'spread_distribution': 1.0965978293740073, 'relative_spread_distribution': 1.0951631723313253, 'trade_size_distribution': 0.20050791197520565, 'interarrival_distribution': 0.38555653722658995, 'bid_depth_distribution': 0.6107306130317259, 'ask_depth_distribution': 0.6927706934169481, 'sign_acf_curve': 0.3591053731044503, 'response_curve': 2.2081493982461904, 'clock_response_curve': 1.1099963930348757, 'size_impact_curve': 3.5182111265072256, 'flow_impact_curve': 2.669315931929298}","[26.763341397598328, 19.357354606758683, 21.36250141144532]",COMPLETE
48,17.37293797906557,0.7671387869930903,0.9662411599573408,0.2813448416015168,0.16025784312172897,0.010337797582909073,4.0,0.14123245940140933,1.3354545142113328,0.7916912646019686,0.021521917399638043,0.5005559322375625,0.00105241724565451,0.357631463636881,2.0008343384247325,0.10436533065397674,0.8715519782891364,0.000707709427721083,3.2165512984042066,0.8027749846047945,"{'median_spread': 0.0, 'mean_trade_size': 0.20741532347357564, 'trades_per_second': 0.23946164660108515, 'return_volatility': 0.5898238988533054, 'spread_distribution': 1.0918870333870572, 'relative_spread_distribution': 1.0905317105084624, 'trade_size_distribution': 0.25860500309843126, 'interarrival_distribution': 0.4436129155365472, 'bid_depth_distribution': 0.7349524958384211, 'ask_depth_distribution': 0.7923785465043126, 'sign_acf_curve': 0.39329379540194215, 'response_curve': 0.7496853655609078, 'clock_response_curve': 1.0165529997633247, 'size_impact_curve': 2.440839707311366, 'flow_impact_curve': 1.8480095705051163}","[16.26704857856416, 18.204500728968704, 17.526848381973114]",COMPLETE
49,20.00537125762715,0.439499576823279,1.177711340622749,0.3169184698176813,0.17894542795507118,0.010194168529418094,4.0,0.2053406842675679,1.7137982455718963,0.10201928712391678,0.020374279266434616,0.5193584520010845,0.0010085204585996823,0.36448476097773297,2.967024469201903,0.1521697236443703,0.8831506272675199,0.000579085020057109,3.2671297516223707,1.4856167480980391,"{'median_spread': 0.0, 'mean_trade_size': 0.14411234399490772, 'trades_per_second': 0.24432685826281922, 'return_volatility': 0.38952756140225087, 'spread_distribution': 1.0965978293740073, 'relative_spread_distribution': 1.0951707119864427, 'trade_size_distribution': 0.2802877235063678, 'interarrival_distribution': 0.44040956880138465, 'bid_depth_distribution': 0.5544641853554497, 'ask_depth_distribution': 0.4490965796654182, 'sign_acf_curve': 0.4813102661276179, 'response_curve': 1.5212066241038873, 'clock_response_curve': 1.045516910474989, 'size_impact_curve': 2.598781870380851, 'flow_impact_curve': 2.5904047730237263}","[20.770979599719535, 17.843355283682246, 21.178936377264964]",COMPLETE
50,16.364888682107583,0.6961646974181449,1.076117685229233,0.49076961217795734,0.18796648048202158,0.0109382459779515,4.0,0.3011442952295749,1.4321035094723529,0.7884812965077859,0.01428188482434488,0.5357317966627766,0.0011550177998527658,0.3618151774690338,2.0181598720350764,0.11756616484948859,0.8779252502175563,0.0012026451514318961,3.2355566685789934,1.5865157710652131,"{'median_spread': 0.0, 'mean_trade_size': 1.0004544767298407, 'trades_per_second': 0.3650592786296758, 'return_volatility': 0.5779771854800761, 'spread_distribution': 1.0965978293740073, 'relative_spread_distribution': 1.0952049434737552, 'trade_size_distribution': 0.6642003133981486, 'interarrival_distribution': 0.4838158524733471, 'bid_depth_distribution': 0.3522427099374939, 'ask_depth_distribution': 0.29847309177580655, 'sign_acf_curve': 0.390083180267561, 'response_curve': 0.6761106352459954, 'clock_response_curve': 0.9982677068812889, 'size_impact_curve': 1.8391955796357304, 'flow_impact_curve': 1.1471396577028565}","[14.666447291786485, 15.749982434317019, 18.440258954559464]",COMPLETE
51,21.23852220358166,0.6504792312148114,1.155849163174987,0.32149600548750656,0.18051329354489337,0.010551655372390127,4.0,0.363519242897724,1.3742526985806154,0.7926123829964351,0.01361348775684503,0.5140396926896914,0.001045825089890238,0.36472737177640524,2.0672332014171415,0.12551459791886402,0.8785855650926168,0.001277878543655577,3.2606843751177785,2.0153978180676506,"{'median_spread': 0.0, 'mean_trade_size': 1.6086636869106696, 'trades_per_second': 0.27558535995116645, 'return_volatility': 0.5669495724021236, 'spread_distribution': 1.0965978293740073, 'relative_spread_distribution': 1.0951615332149582, 'trade_size_distribution': 1.3817548593509397, 'interarrival_distribution': 0.46187898043319214, 'bid_depth_distribution': 0.33298551166297985, 'ask_depth_distribution': 0.27581916724730565, 'sign_acf_curve': 0.44434627075171557, 'response_curve': 1.335790733898271, 'clock_response_curve': 1.0574985540114867, 'size_impact_curve': 1.9821273179111705, 'flow_impact_curve': 2.093058076352921}","[23.784597612711536, 18.898687802611192, 20.729971522712106]",COMPLETE
52,22.37750346136155,0.6584732507669648,1.0357264796004224,0.6362744850347526,0.19032835000838888,0.010689294953412,4.0,0.2955963459802682,1.4316954701525875,0.7869615929071099,0.015542578034950431,0.526653130528447,0.0010133248329083219,0.369111612256835,2.7938985169714363,0.11764806621827614,0.8835369793560325,0.0012178167657954187,3.2829857021589164,3.0306548222194514,"{'median_spread': 0.0, 'mean_trade_size': 1.240961691419661, 'trades_per_second': 0.3247099253469981, 'return_volatility': 0.42458061875059916, 'spread_distribution': 1.0965978293740073, 'relative_spread_distribution': 1.0952003195954474, 'trade_size_distribution': 1.0885386727258985, 'interarrival_distribution': 0.47087451865431745, 'bid_depth_distribution': 0.2786943984061641, 'ask_depth_distribution': 0.3277181867006504, 'sign_acf_curve': 0.35735795837058754, 'response_curve': 1.9611287938863438, 'clock_response_curve': 1.1182424048233512, 'size_impact_curve': 2.214343339309135, 'flow_impact_curve': 2.2642825660517008}","[23.257532279194166, 25.312857499650327, 18.107522381907245]",COMPLETE
53,19.157284429964584,0.6753742883913434,1.0421567540387495,0.7044353166319239,0.18706455759166618,0.010291848865588043,4.0,0.31317304785252076,1.5223176124159168,0.6209080560817126,0.01692748753197899,0.5699269261103878,0.0011178024717614916,0.36470480832655017,2.0157979676409576,0.11806217133002186,0.8758040164464829,0.0012227953893240461,3.2862454636465346,2.695156108301972,"{'median_spread': 0.0, 'mean_trade_size': 1.2937715419327056, 'trades_per_second': 0.36470640896792667, 'return_volatility': 0.5820135968882406, 'spread_distribution': 1.0965978293740073, 'relative_spread_distribution': 1.0952025250582427, 'trade_size_distribution': 1.1341545552816379, 'interarrival_distribution': 0.5041909660432371, 'bid_depth_distribution': 0.5837371562319947, 'ask_depth_distribution': 0.3847256068799029, 'sign_acf_curve': 0.3887159009934586, 'response_curve': 0.8126927815053221, 'clock_response_curve': 1.0275334406829046, 'size_impact_curve': 2.0551305803651427, 'flow_impact_curve': 1.6617209486412827}","[15.688809364037947, 22.289556055814238, 19.089214453796274]",COMPLETE
54,17.111217809064016,0.7048598647054235,1.0906714635540056,0.6423474236625154,0.18646535347967944,0.010177407285060083,4.0,0.25131128731115715,1.4267222705510634,0.6326953026838082,0.01333877460246582,0.522426902891447,0.0010058137747565843,0.3890663798019065,2.0188466661191216,0.10714716325596323,0.8745283983358894,0.0012158830197384622,3.27428660173802,0.7909108409254042,"{'median_spread': 0.0, 'mean_trade_size': 0.7770857732537073, 'trades_per_second': 0.2836579543227029, 'return_volatility': 0.5805209330524832, 'spread_distribution': 1.0965978293740073, 'relative_spread_distribution': 1.095187216100488, 'trade_size_distribution': 0.47025903932630664, 'interarrival_distribution': 0.4404437246714872, 'bid_depth_distribution': 0.2988418608940316, 'ask_depth_distribution': 0.35824816324641473, 'sign_acf_curve': 0.40205636296455366, 'response_curve': 0.8183211947682029, 'clock_response_curve': 1.0434402709213504, 'size_impact_curve': 2.3664662262416365, 'flow_impact_curve': 1.4944664397468763}","[16.81835751649515, 18.141825092885853, 16.254834191672227]",COMPLETE
55,20.211073232874078,0.6752423623289319,1.4668574308166196,0.7357329103595676,0.2384436437940585,0.010431237742833853,4.0,0.34941177016391944,1.5685667047907499,0.5745956213863816,0.005543528879177945,0.49329989879673386,0.0010600609438727465,0.4001187567271506,2.0006119399566975,0.1282818164342913,0.90369847682409,0.001326563828717024,3.3313386819655024,1.8180819098039078,"{'median_spread': 0.0, 'mean_trade_size': 1.4337193854400485, 'trades_per_second': 0.2200492974305115, 'return_volatility': 0.5709163522843578, 'spread_distribution': 1.0965978293740073, 'relative_spread_distribution': 1.095206600559723, 'trade_size_distribution': 1.0999598286688086, 'interarrival_distribution': 0.3994211081274211, 'bid_depth_distribution': 0.9637867507588923, 'ask_depth_distribution': 0.8340506842533486, 'sign_acf_curve': 0.384545473685906, 'response_curve': 1.2876012151477756, 'clock_response_curve': 1.0416338872424833, 'size_impact_curve': 2.264574657629408, 'flow_impact_curve': 1.1458194078575505}","[19.333586395741605, 22.633389384145726, 18.393531632264313]",COMPLETE
56,18.936739745487554,0.7224200234948199,1.6112305790826247,0.6047999644809507,2.4689732806844717,0.019625001135761724,5.0,0.24806090018471433,1.4973147272630352,0.1756693174646806,0.0071254861131088264,0.5130868311359047,0.0010355135821288929,0.39568038852326637,2.902022878986022,0.1143359973616068,0.891054153109858,0.0013455437618208404,3.3221296487780094,2.1557774168558175,"{'median_spread': 0.0, 'mean_trade_size': 1.5243398933189942, 'trades_per_second': 0.34324322733157464, 'return_volatility': 0.3914520504084879, 'spread_distribution': 1.0965978293740073, 'relative_spread_distribution': 1.095187802006425, 'trade_size_distribution': 1.0062023586643296, 'interarrival_distribution': 0.42706582583692265, 'bid_depth_distribution': 0.3223504471025707, 'ask_depth_distribution': 0.32284148921576933, 'sign_acf_curve': 0.2759077381070892, 'response_curve': 0.9419258129220859, 'clock_response_curve': 1.0755578966966954, 'size_impact_curve': 2.754404606515538, 'flow_impact_curve': 1.423545579197941}","[16.499648232232417, 21.697076970121593, 18.29012742158029]",COMPLETE
57,55.97865789898242,0.6728461663257143,1.7113871200968265,0.7046285813679717,2.3034818172321994,0.023987761273099668,5.0,0.2634416092056191,1.7843854402114507,0.16298635895492558,0.0068354291316362155,0.501691812329428,0.0010543471267969115,0.38268430956465604,11.380609709317627,0.11629512498122274,0.9149524472725292,0.0014155358372768489,3.3657233368522372,10.003800298885594,"{'median_spread': 0.0, 'mean_trade_size': 1.606400410474399, 'trades_per_second': 0.33158745714642973, 'return_volatility': 1.3061381775347418, 'spread_distribution': 1.0965978293740073, 'relative_spread_distribution': 1.0951263542311207, 'trade_size_distribution': 1.2826177208085638, 'interarrival_distribution': 0.4489563771352736, 'bid_depth_distribution': 1.3684738344078315, 'ask_depth_distribution': 1.0907500839686657, 'sign_acf_curve': 0.23828287423880598, 'response_curve': 7.7093348561266675, 'clock_response_curve': 1.5735930810223557, 'size_impact_curve': 10.817789639525145, 'flow_impact_curve': 6.126599682888827}","[42.72963992424169, 67.16462073822315, 56.54114298964958]",COMPLETE
58,23.471934643833677,0.4327268686305979,1.2728906125493544,1.1935997833112928,2.762925740681566,0.021347514595334814,5.0,0.25147075075397773,1.546249769657058,0.1810703454503277,0.00562943852702549,0.509632579669612,0.0010446360844716632,0.5260456717099697,4.666949832897571,0.1147106105915378,0.8939204983644417,0.001305675857901354,3.3274537276414957,3.642916162976965,"{'median_spread': 0.0, 'mean_trade_size': 1.064889143133213, 'trades_per_second': 0.29380647602269855, 'return_volatility': 0.045492985866967366, 'spread_distribution': 1.0965978293740073, 'relative_spread_distribution': 1.0951288927119462, 'trade_size_distribution': 0.7486761575022748, 'interarrival_distribution': 0.3053192799107692, 'bid_depth_distribution': 0.32265269537084823, 'ask_depth_distribution': 0.33154571098822144, 'sign_acf_curve': 0.30542004756001073, 'response_curve': 1.626892195329657, 'clock_response_curve': 1.0349262173527976, 'size_impact_curve': 4.873005883962341, 'flow_impact_curve': 2.949734830436712}","[24.180726608849344, 18.44989966094399, 27.238740237261144]",COMPLETE
59,19.83301569933735,0.7312202198841439,1.5512653592153294,0.5532571806712208,1.1462564064437526,0.025837409276739318,5.0,0.2672001928090422,1.4790148374607401,0.18853601050031815,0.010921900281238656,0.5225075030137637,0.021020333183531515,0.3831813359234023,2.8625490177768924,0.13570395850560127,0.8781168204622378,0.00042689265145079284,3.3283691786861613,1.6792607199713292,"{'median_spread': 0.0, 'mean_trade_size': 0.12989036231738477, 'trades_per_second': 0.22184290174049479, 'return_volatility': 0.41134041434696367, 'spread_distribution': 1.0965978293740073, 'relative_spread_distribution': 1.0952076324556943, 'trade_size_distribution': 0.20646802647451, 'interarrival_distribution': 0.44090792729520806, 'bid_depth_distribution': 0.28405176527112397, 'ask_depth_distribution': 0.30765784076082947, 'sign_acf_curve': 0.5128531962377971, 'response_curve': 1.4431308370952454, 'clock_response_curve': 1.0486323930151555, 'size_impact_curve': 3.5002755168857167, 'flow_impact_curve': 2.3174768399999928}","[21.58004707795721, 20.14331476165982, 17.52379615039932]",COMPLETE
60,19.3074278795368,0.7122310074504881,1.1868785220212723,0.52856118195529,2.852776638800185,0.010489506337792534,5.0,0.22144818998240084,1.454249710727147,0.2409435445121747,0.01457591473586914,0.52705380370253,0.0010245365759717147,0.39447284057947307,3.153945495061657,0.1134302065078691,0.9129011662742164,0.0012956147839607904,3.3229923544393856,1.0008660608718902,"{'median_spread': 0.0, 'mean_trade_size': 1.1880669905464232, 'trades_per_second': 0.37484601612337193, 'return_volatility': 0.35759389807565095, 'spread_distribution': 1.0965978293740073, 'relative_spread_distribution': 1.0951713057333574, 'trade_size_distribution': 0.8034529983198366, 'interarrival_distribution': 0.4359788461247606, 'bid_depth_distribution': 0.32470672657937993, 'ask_depth_distribution': 0.40165426885625927, 'sign_acf_curve': 0.24330337395262722, 'response_curve': 1.2740847026704032, 'clock_response_curve': 0.9896167507084318, 'size_impact_curve': 2.497552525215656, 'flow_impact_curve': 1.8405029658592476}","[19.943176353858746, 19.986806987701456, 17.842170387919406]",COMPLETE
61,25.70505857785081,0.77064470311045,2.6181537256895937,1.956138923783967,1.514014453048432,0.019360241965678482,5.0,0.6899597800992756,1.4519871585785706,0.15633674854321197,0.00429226499984693,0.47799430380348285,0.0010116476333098389,0.4176930732164691,2.8428626278652582,0.10980338527535187,0.8770933183369786,0.0012917240140970386,2.001509750016519,3.34489740812739,"{'median_spread': 0.0, 'mean_trade_size': 0.7057152312112521, 'trades_per_second': 0.0575711330854293, 'return_volatility': 0.42694190267329307, 'spread_distribution': 1.0965978293740073, 'relative_spread_distribution': 1.095186689310778, 'trade_size_distribution': 0.8850009766914096, 'interarrival_distribution': 0.31835412838077837, 'bid_depth_distribution': 1.7584791545592677, 'ask_depth_distribution': 1.6000768717447658, 'sign_acf_curve': 0.4954880524019765, 'response_curve': 1.56484468540888, 'clock_response_curve': 1.0722763746676771, 'size_impact_curve': 2.5913208279463786, 'flow_impact_curve': 3.9904072856489274}","[25.761560690721883, 29.518000940178176, 21.33387949143325]",COMPLETE
62,19.82657133229928,0.5369653807146044,1.2246056369602158,0.6074176778037516,0.23566764652306416,0.010050292563932505,4.0,0.27599073355574855,1.405457355824866,0.5672222402966391,0.007477020063944634,0.5517703837926918,0.0010028053857265064,0.38332717517480047,2.859888867111575,0.1167872496687634,0.8827328994630438,0.0013024766567954866,3.2612278552039746,3.097451037647736,"{'median_spread': 0.0, 'mean_trade_size': 1.028730699385828, 'trades_per_second': 0.46738745118962727, 'return_volatility': 0.4045375707582582, 'spread_distribution': 1.0965978293740073, 'relative_spread_distribution': 1.0951637399563878, 'trade_size_distribution': 0.7247220061161955, 'interarrival_distribution': 0.5025521037622578, 'bid_depth_distribution': 0.287814116449212, 'ask_depth_distribution': 0.3412359569256099, 'sign_acf_curve': 0.30322479877577163, 'response_curve': 1.1620572357548136, 'clock_response_curve': 1.0342142567585768, 'size_impact_curve': 3.1909709617130617, 'flow_impact_curve': 1.7147160156324859}","[24.035607139077985, 17.16030223307115, 17.819186969101555]",COMPLETE
63,19.19524709873642,0.7761642514567658,1.2561246501731957,0.5083093204824937,0.22353843756923802,0.018916822933299736,1.0,0.22900776355556693,1.4053877571260023,0.5954563402362703,0.011168261247991446,0.46257884426173473,0.0010021517101603268,0.49527092395441874,2.730241563556189,0.05524110349032054,0.8879396872347144,0.0012650592393669768,3.249609569611524,1.0126952140747465,"{'median_spread': 0.0, 'mean_trade_size': 0.8936926644888822, 'trades_per_second': 0.18471241445188502, 'return_volatility': 0.43423547625915093, 'spread_distribution': 1.0965978293740073, 'relative_spread_distribution': 1.095202219947409, 'trade_size_distribution': 0.6501873696947328, 'interarrival_distribution': 0.19900207656411642, 'bid_depth_distribution': 0.3291738992927487, 'ask_depth_distribution': 0.44951301094870777, 'sign_acf_curve': 0.2072705151240892, 'response_curve': 1.586544102087089, 'clock_response_curve': 0.956748957954081, 'size_impact_curve': 2.9709584584046986, 'flow_impact_curve': 1.7492766747649278}","[18.214690207638057, 18.66630195848751, 20.552844847972487]",COMPLETE
64,27.188728240801012,0.8194276025576204,2.3521440323555707,0.05034664221593574,0.2180651511232697,0.010243199056882606,5.0,0.2132057445183087,0.7422203159446281,0.6334940798482331,0.013791727089167599,0.6921613977080798,0.06658147190957908,0.36990026188511205,2.0182174991306003,0.056922435588980726,0.9103424505453469,0.001537203490142217,3.4713366289093157,0.942592306765823,"{'median_spread': 0.0, 'mean_trade_size': 1.8109404337539985, 'trades_per_second': 0.9612202080211404, 'return_volatility': 0.4704574678922304, 'spread_distribution': 1.0739561844373637, 'relative_spread_distribution': 1.0726522254637734, 'trade_size_distribution': 1.3807504251123113, 'interarrival_distribution': 0.6682921163563749, 'bid_depth_distribution': 0.29459757604048487, 'ask_depth_distribution': 0.27608601984863196, 'sign_acf_curve': 0.36033348349727773, 'response_curve': 1.9802833825960702, 'clock_response_curve': 1.0354962563620889, 'size_impact_curve': 3.1211898667830895, 'flow_impact_curve': 3.3161078456036335}","[27.30386718373995, 25.914614412254576, 28.206314280393634]",COMPLETE
65,21.695528382711164,0.532004153071922,1.0766709435010366,0.8423547939621195,2.9388413567577403,0.019325701980185548,4.0,0.40399593064981126,1.5506773198834107,0.22544798056381857,0.0037846807383523093,0.5428962465808744,0.0024422788318757037,0.44697319051108036,2.0050208149821684,0.1115729912025422,0.8703034856599635,0.0012589659660777977,3.1924755172554695,2.7863462445712717,"{'median_spread': 0.0, 'mean_trade_size': 1.2913354241223807, 'trades_per_second': 0.3187401273377633, 'return_volatility': 0.5895778486044945, 'spread_distribution': 1.0965978293740073, 'relative_spread_distribution': 1.0951936158637656, 'trade_size_distribution': 1.0574421242996346, 'interarrival_distribution': 0.40066893187490676, 'bid_depth_distribution': 1.0470726910758208, 'ask_depth_distribution': 0.7923708595894685, 'sign_acf_curve': 0.39542478319477165, 'response_curve': 1.7032840600596202, 'clock_response_curve': 1.1130136021706674, 'size_impact_curve': 1.5898938750219127, 'flow_impact_curve': 1.708698942224819}","[25.22934413393434, 20.955224651735193, 18.484064425778268]",COMPLETE
66,23.664709630580862,0.8472497612385733,1.041891776558798,0.05074062513805692,0.2283302832705873,0.010263926009613143,2.0,0.20374769548521174,0.8494099686535362,0.6076712870964525,0.013636403087645958,0.7470045697286007,0.00442779378747476,0.3552743942963851,3.055424869630216,0.052913731435824146,0.8798930758134945,0.0018753966749789415,3.2607863938652937,3.0924800477005165,"{'median_spread': 0.0, 'mean_trade_size': 1.2478645364074612, 'trades_per_second': 1.0180050354677483, 'return_volatility': 0.36772943273256903, 'spread_distribution': 1.0785790166944655, 'relative_spread_distribution': 1.0773927257763558, 'trade_size_distribution': 0.8727379784997759, 'interarrival_distribution': 0.700877543962033, 'bid_depth_distribution': 0.3092133489298546, 'ask_depth_distribution': 0.26938873574681743, 'sign_acf_curve': 0.26671640306773114, 'response_curve': 2.162375908493631, 'clock_response_curve': 1.139289023805037, 'size_impact_curve': 2.2638757607067137, 'flow_impact_curve': 2.0128095723553483}","[22.113089596650074, 27.79765745680995, 20.619509831127477]",COMPLETE
67,38.62618968331592,0.7805553302345859,3.0856649308475657,0.3862353877174505,0.17505738942768612,0.021501135577019957,5.0,1.4082926297867724,1.310583834362958,0.7999574974292146,0.014431683250159697,0.5507168375262643,0.0023245761740309464,0.34988953722527344,2.8095900162031437,0.1289371675904351,0.7214690438717781,0.0011460251976584714,3.473878995032215,3.342541033528051,"{'median_spread': 0.0, 'mean_trade_size': 4.404186323907518, 'trades_per_second': 0.29395614440266904, 'return_volatility': 0.2634539588313432, 'spread_distribution': 1.0871762374001068, 'relative_spread_distribution': 1.0858401736026317, 'trade_size_distribution': 4.563974591193392, 'interarrival_distribution': 0.5056421257690616, 'bid_depth_distribution': 4.11671453771308, 'ask_depth_distribution': 3.6388858627095995, 'sign_acf_curve': 0.8708289954546359, 'response_curve': 1.7323464112066376, 'clock_response_curve': 1.0596798415309963, 'size_impact_curve': 4.029493730760706, 'flow_impact_curve': 1.4867916824412521}","[42.17617737188528, 34.071441334464986, 39.12956918856828]",COMPLETE
68,22.512298186743884,0.3284719251891365,0.8430908004041407,0.05364760807134986,1.4047038523017168,0.01956258109194151,5.0,0.15233375363191923,0.7958595410829175,0.5878718791725112,0.005211678364569775,0.6853945632619689,0.0018086567887708057,0.46218112110467224,2.782597127420814,0.0152614697124355,0.9104888368831545,0.0015072421582015632,3.157057857592074,0.2695565939119039,"{'median_spread': 0.0, 'mean_trade_size': 0.5349553929557365, 'trades_per_second': 0.8526724320114564, 'return_volatility': 0.43403757858009956, 'spread_distribution': 1.0965978293740073, 'relative_spread_distribution': 1.095186887577088, 'trade_size_distribution': 0.2703517176513107, 'interarrival_distribution': 0.5862746366428363, 'bid_depth_distribution': 0.9916208071148196, 'ask_depth_distribution': 1.0246897328280935, 'sign_acf_curve': 0.6673178152766467, 'response_curve': 1.6637696535527233, 'clock_response_curve': 1.0905052995424513, 'size_impact_curve': 2.846426244317597, 'flow_impact_curve': 1.6642230044351016}","[22.42454863348955, 22.859767767867822, 22.21214466978749]",COMPLETE
69,23.265377022801722,0.563220200524228,2.1641332019492037,1.179773104010981,0.34545408937413796,0.010284926781294777,4.0,0.39010820071202823,1.5866516453523758,0.6115026353605333,0.016177929686615532,0.7484539506582841,0.0010369347483141864,0.3569868663927795,2.1121922727263307,0.10564922083447262,0.871759510716666,0.0010963101217747238,3.2461943134872246,0.6831711016815973,"{'median_spread': 0.0, 'mean_trade_size': 0.9528193781614528, 'trades_per_second': 0.836372390397902, 'return_volatility': 0.5223552013377607, 'spread_distribution': 1.0965978293740073, 'relative_spread_distribution': 1.0951903888969723, 'trade_size_distribution': 0.8161559408747386, 'interarrival_distribution': 0.6855135341209921, 'bid_depth_distribution': 1.4211126364306252, 'ask_depth_distribution': 1.0545934799567676, 'sign_acf_curve': 0.3669204446068024, 'response_curve': 1.6928457577667027, 'clock_response_curve': 1.1240802228540419, 'size_impact_curve': 1.7331790852828013, 'flow_impact_curve': 1.9054868770710172}","[23.845052676926034, 22.278166853925615, 23.570435872301285]",COMPLETE
70,18.50126386003683,0.8731917233934853,0.8523024224737584,0.5108523365287816,0.16373785847658306,0.1927638234598198,5.0,0.15828395945754328,1.2663369289166393,0.14603429249583255,0.0028507896498262573,0.4592529646315074,0.002195318921423818,0.4492882701718543,2.0205869760677384,0.05653071655731266,0.9146601372700182,0.0016016393330200783,3.1842210343909687,1.4782358588217264,"{'median_spread': 0.0, 'mean_trade_size': 0.6829383964515009, 'trades_per_second': 0.26062209299405653, 'return_volatility': 0.5828852780399961, 'spread_distribution': 1.0965978293740073, 'relative_spread_distribution': 1.0952055186066787, 'trade_size_distribution': 0.3035948136403342, 'interarrival_distribution': 0.3252452718222152, 'bid_depth_distribution': 0.7223046900370425, 'ask_depth_distribution': 0.7910395025195279, 'sign_acf_curve': 0.37666406128231583, 'response_curve': 1.1189522486984345, 'clock_response_curve': 1.0319689599097648, 'size_impact_curve': 2.68550361749339, 'flow_impact_curve': 1.5357905252449413}","[20.51506251721749, 17.477681176183133, 17.28931250788661]",COMPLETE
71,18.914560815067883,0.9053857355077575,0.8031103494735992,0.43755381356202,0.1648401742203009,0.1914571648656073,5.0,0.1598351073048017,1.2803663090307593,0.13965291876456953,0.002349092542681421,0.46066774916255915,0.004039141318509824,0.5063257728090904,2.0343804861337405,0.053792853610745685,0.9387416436204157,0.0020093066479932712,3.1545288851929185,3.039876194726103,"{'median_spread': 0.0, 'mean_trade_size': 0.6980527725178157, 'trades_per_second': 0.24276959870614792, 'return_volatility': 0.5795989671285214, 'spread_distribution': 1.0965978293740073, 'relative_spread_distribution': 1.0951848437667067, 'trade_size_distribution': 0.3115973435518206, 'interarrival_distribution': 0.23430113456196944, 'bid_depth_distribution': 0.6895523441120349, 'ask_depth_distribution': 0.7621490968971739, 'sign_acf_curve': 0.4660884982582185, 'response_curve': 1.4814209114173842, 'clock_response_curve': 1.0917691041141284, 'size_impact_curve': 2.4844686749434772, 'flow_impact_curve': 1.2312738438549613}","[17.201827818161508, 23.011991342087654, 16.073881855745586]",COMPLETE
72,20.669153301089853,0.8348468169490163,0.7086946506293099,0.5668145753456065,0.15407731401569472,0.1857849247204565,5.0,0.17278764910764516,1.2857436039629389,0.11984137048988294,0.0012508512208813456,0.44693400876352235,0.007218426048988281,0.600100553493603,2.0002256860382923,0.05660374022158322,0.9400832313301088,0.002391006290267764,3.113838352268045,3.911083985682508,"{'median_spread': 0.0, 'mean_trade_size': 0.977927184498481, 'trades_per_second': 0.2209871995581303, 'return_volatility': 0.5890352394406787, 'spread_distribution': 1.0965978293740073, 'relative_spread_distribution': 1.0952022012237028, 'trade_size_distribution': 0.502557309348342, 'interarrival_distribution': 0.07310614527223207, 'bid_depth_distribution': 0.6738127226905936, 'ask_depth_distribution': 0.7280981645015195, 'sign_acf_curve': 0.4365718927096505, 'response_curve': 1.7153658449455926, 'clock_response_curve': 1.0724624489441428, 'size_impact_curve': 2.8012310653003287, 'flow_impact_curve': 1.6724175793089209}","[16.78097203566591, 18.753647652095754, 25.88617761765552]",COMPLETE
73,20.36721275334555,0.8890217202318609,0.6033534774951465,0.40593883016603616,0.18297639849850622,0.2480084578323735,5.0,0.177983328407466,1.2692924794819318,0.13887968143239285,0.0020895403812756503,0.4192604597722815,0.005185641236171633,0.5269588507883666,2.0076290012818743,0.055044698265208684,0.9345528734268432,0.0020724397841785022,3.1398008604033256,3.872833781070589,"{'median_spread': 0.0, 'mean_trade_size': 0.7999402758759655, 'trades_per_second': 0.11091263223285908, 'return_volatility': 0.5890975413465651, 'spread_distribution': 1.0965978293740073, 'relative_spread_distribution': 1.0951929177755597, 'trade_size_distribution': 0.3428841532153859, 'interarrival_distribution': 0.1100268330010437, 'bid_depth_distribution': 0.6540610379373125, 'ask_depth_distribution': 0.7034380890590525, 'sign_acf_curve': 0.3803733783634098, 'response_curve': 2.009731827069166, 'clock_response_curve': 1.1462375303703904, 'size_impact_curve': 2.9958311377353852, 'flow_impact_curve': 1.246348337473336}","[20.688221259231685, 24.63849263830587, 15.193999295338509]",COMPLETE
74,19.770805693225917,0.7685610106212333,0.7874361398758314,0.4098796650617656,0.14440269909226017,0.16321193967190878,5.0,0.17221060539549835,1.290437657567482,0.14919610101646139,0.0014325340141823368,0.4504025134639544,0.004563186669526584,0.532104904357841,2.8985627223954853,0.05546417581440978,0.9454646306766041,0.0019509060583692904,3.189142030358447,2.4142670963067108,"{'median_spread': 0.0, 'mean_trade_size': 0.8431057329890564, 'trades_per_second': 0.24013219300085975, 'return_volatility': 0.4173558710660581, 'spread_distribution': 1.0965978293740073, 'relative_spread_distribution': 1.095188547145389, 'trade_size_distribution': 0.3590565291244623, 'interarrival_distribution': 0.17105723711476564, 'bid_depth_distribution': 0.6739297948342728, 'ask_depth_distribution': 0.7122014899386843, 'sign_acf_curve': 0.49440683262272556, 'response_curve': 1.190252759717357, 'clock_response_curve': 1.0406685546872771, 'size_impact_curve': 2.806452106150116, 'flow_impact_curve': 2.2525116618213334}","[23.062702781693908, 18.03650114083778, 17.851073092700055]",COMPLETE
75,23.44580571890753,0.9001235443751681,0.9215157244241725,0.42534288398657283,0.14942575538224862,0.106410795254048,5.0,0.16385095545330833,1.2911520281198041,0.13650594358047857,0.003072918781205095,0.45918740136790037,0.0037080068931316964,0.4926222468882674,2.0233566981879454,0.05741188949027757,0.9250680225469478,0.002875270530590147,3.1310711647033824,2.152969147230537,"{'median_spread': 0.0, 'mean_trade_size': 1.3810925186683345, 'trades_per_second': 0.3116720879194614, 'return_volatility': 0.5749732895263259, 'spread_distribution': 1.0965978293740073, 'relative_spread_distribution': 1.0951861763833846, 'trade_size_distribution': 0.7044898176047085, 'interarrival_distribution': 0.25708037832164815, 'bid_depth_distribution': 0.6449030805653346, 'ask_depth_distribution': 0.7025258676716359, 'sign_acf_curve': 0.38551546635372363, 'response_curve': 2.241107110701621, 'clock_response_curve': 1.092411620279148, 'size_impact_curve': 3.30537671290637, 'flow_impact_curve': 1.6860639283767893}","[24.97865148459621, 24.73928320547422, 20.29653709456757]",COMPLETE
76,21.30548160284449,0.8928661546418305,0.6610983041433073,0.6235534021454057,0.2777424346009946,0.27823736414893885,5.0,0.1585498994627929,1.3194729650795054,0.17362309220768832,0.002313755266317708,0.4798546005509926,0.003374952284667123,0.4691747046724962,2.0093627255194817,0.036343521068262594,0.9170576442928532,0.0018983258043708524,3.351836652897599,4.312827733812012,"{'median_spread': 0.0, 'mean_trade_size': 1.0657898529457857, 'trades_per_second': 0.2639928289186056, 'return_volatility': 0.5854676689526334, 'spread_distribution': 1.0965978293740073, 'relative_spread_distribution': 1.0951991974786175, 'trade_size_distribution': 0.5731137874200102, 'interarrival_distribution': 0.30537064266467534, 'bid_depth_distribution': 0.6755492730184477, 'ask_depth_distribution': 0.7359927537340084, 'sign_acf_curve': 0.46159589300564635, 'response_curve': 1.9814766380649276, 'clock_response_curve': 1.099232818295625, 'size_impact_curve': 2.452751948354749, 'flow_impact_curve': 1.381399138477479}","[16.418886434902873, 26.821987192667887, 20.02864702089092]",COMPLETE
77,20.49964993507165,0.6727781121041496,0.741497758762636,0.30639771148854217,0.13971212716425707,0.13154270847393423,5.0,0.22525796884660415,1.2324712941845772,0.12940487624878644,0.002490705882797956,0.5071586569030805,0.002871584204939985,0.4699679834448174,2.9042075807789143,0.0649915122851884,0.9494669358274864,0.001627855908738198,3.0844492600594147,0.6555044595148801,"{'median_spread': 0.0, 'mean_trade_size': 0.7786927786709584, 'trades_per_second': 0.2979483812121255, 'return_volatility': 0.40953416239543344, 'spread_distribution': 1.0965978293740073, 'relative_spread_distribution': 1.0951814278795664, 'trade_size_distribution': 0.32265124849962934, 'interarrival_distribution': 0.3330009615787157, 'bid_depth_distribution': 0.5831153019415729, 'ask_depth_distribution': 0.6380966883228192, 'sign_acf_curve': 0.4722377655231062, 'response_curve': 1.644328443118426, 'clock_response_curve': 1.1862505945258868, 'size_impact_curve': 2.463816761689539, 'flow_impact_curve': 2.062201297209643}","[19.63972628222686, 21.24293789360696, 20.517959960453897]",COMPLETE
78,60.669199498447924,0.8840164778098771,0.17148628181605105,4.722483050234205,0.14388772757790275,0.3094757375208392,5.0,0.14798874384651126,1.5349161645585223,0.18147084298278326,0.003912318111411728,0.4354114794651214,0.0025630479201769504,0.4375181754162985,16.084795606702496,0.10114478552887865,0.9113102635930279,0.0017277550222881445,3.3311909205719403,24.511461976883606,"{'median_spread': 0.0, 'mean_trade_size': 1.492554013877973, 'trades_per_second': 0.21656743082369445, 'return_volatility': 2.255233915830687, 'spread_distribution': 1.0965978293740073, 'relative_spread_distribution': 1.095054824315495, 'trade_size_distribution': 0.8153708195019508, 'interarrival_distribution': 0.2542616276309407, 'bid_depth_distribution': 0.4988266240133732, 'ask_depth_distribution': 0.5914964440230884, 'sign_acf_curve': 0.24121605781415942, 'response_curve': 6.853405548833428, 'clock_response_curve': 1.3876115506987021, 'size_impact_curve': 16.045603176959194, 'flow_impact_curve': 7.810194774976371}","[93.88542233395769, 38.82571916270784, 45.619737702145706]",COMPLETE
79,27.2951203134991,0.958951505876504,1.5607554862196262,0.9345098157190973,0.29905048516819177,0.15544663874260167,5.0,0.13387877719129498,1.2201495028763434,0.12626471811723847,0.004582534323104559,0.5460887477120522,0.0024470439930577097,0.3234845665108496,4.499310777277665,0.13633528238345538,0.9068355484003303,0.0005998187540083057,3.101096557832614,2.798973696596355,"{'median_spread': 0.0, 'mean_trade_size': 0.32015167505020137, 'trades_per_second': 0.354163988654977, 'return_volatility': 0.0831705173025868, 'spread_distribution': 1.0965978293740073, 'relative_spread_distribution': 1.0951780384098024, 'trade_size_distribution': 0.5253063118371272, 'interarrival_distribution': 0.5056924816957041, 'bid_depth_distribution': 0.8785440791336354, 'ask_depth_distribution': 0.916898155752378, 'sign_acf_curve': 0.39831230343431506, 'response_curve': 2.7298526193244133, 'clock_response_curve': 1.000542935193347, 'size_impact_curve': 4.240423915476356, 'flow_impact_curve': 3.6725707579796385}","[28.04951334204941, 23.36861530364248, 30.04738624031597]",COMPLETE
