episode,side,duration,participation,quantity,completion,reward
0,BUY,600.0,0.12431249788550254,2.7975302545800385,1.0,-2.138546077738617e-06
1,SELL,120.0,0.004710975135671456,0.011644138194444275,1.0,-7.936111131140271e-07
2,SELL,300.0,0.12065543763119274,1.3559168144569471,1.0,-8.176884455164861e-07
3,BUY,600.0,0.11347635333408725,1.314097258791719,1.0,-1.7794590449748036e-06
4,BUY,300.0,0.0209088962810629,0.38034444949522067,1.0,-7.935531740086949e-07
5,BUY,120.0,0.08396510994057135,0.2147784423513869,1.0,-8.416704410598665e-07
6,SELL,300.0,0.012499118922750407,0.16338242470973613,1.0,-7.940648417600506e-07
7,SELL,300.0,0.0030241816420036953,0.024808549888404596,1.0,-9.168288588317645e-07
8,SELL,120.0,0.0014260340440343246,0.006381563424034162,1.0,-9.437347797438837e-07
9,SELL,600.0,0.00772303051832411,0.260464879330287,1.0,-8.617126316648072e-07
10,BUY,600.0,0.0041067404769487776,0.04940510023871591,1.0,-7.939627075524521e-07
11,SELL,300.0,0.018347015016532135,0.3174444217796361,1.0,-7.993326463061785e-07
12,BUY,300.0,0.007333201019957949,0.057652788909503885,1.0,-1.4806450576868484e-06
13,SELL,120.0,0.039275994431039594,0.1931576231430308,1.0,-8.062661141191493e-07
14,SELL,600.0,0.008884408177454787,0.1835335880731374,1.0,-8.07095461096259e-07
15,BUY,600.0,0.018573031128642017,0.625985043801478,1.0,-1.0880868758622827e-06
16,SELL,120.0,0.1999945536190399,0.7159949144472586,1.0,-1.2050818110688137e-06
17,BUY,600.0,0.07163082042437979,1.9033272232909881,1.0,-8.355869631515229e-07
18,SELL,120.0,0.0689756559621739,0.20770071939142104,1.0,-2.077965552788291e-06
19,SELL,120.0,0.0026485794751171543,0.0044677911213385395,1.0,-7.940005320595252e-07
20,BUY,300.0,0.012244676045969452,0.09394898251629556,1.0,-7.934902063250913e-07
21,SELL,600.0,0.004062131464742902,0.18559743349165345,1.0,-9.861459344402635e-07
22,SELL,300.0,0.15888045886630708,1.0206154045841263,1.0,-1.337227660665446e-06
23,SELL,600.0,0.16940033738845825,6.744928597062708,1.0,-2.4526590875590428e-06
24,BUY,300.0,0.04612366594595277,0.39508574964330606,1.0,-1.17747812209261e-06
25,SELL,300.0,0.0012044056413588297,0.029371231695196207,1.0,-8.119949086625429e-07
26,SELL,120.0,0.0016969572660163132,0.0022210909114841314,1.0,-7.942830681821351e-07
27,SELL,600.0,0.004674609165537519,0.0640274081737515,1.0,-8.195683352291043e-07
28,SELL,120.0,0.008994434989372049,0.1162590638768959,1.0,-9.214614178698102e-07
29,BUY,300.0,0.0023895296654713972,0.02203127754940781,1.0,-7.93495243359718e-07
30,SELL,300.0,0.0028288844376251013,0.02832502064903937,1.0,-7.936577224138054e-07
31,SELL,120.0,0.04312890350676421,0.3773991863537423,1.0,-8.342294457404441e-07
32,SELL,600.0,0.004767519256683176,0.10310627973693887,1.0,-8.163915149516455e-07
33,SELL,600.0,0.004099906085411606,0.1252684307855211,1.0,-7.939816193099914e-07
34,BUY,300.0,0.002343454142664911,0.017091049492560472,1.0,-7.523160904457677e-07
35,BUY,120.0,0.0012557312117516515,0.00961598909784919,1.0,-7.935002804848715e-07
36,SELL,300.0,0.1283730270528391,2.356651424930594,1.0,-1.64582399106106e-06
37,SELL,600.0,0.02184988574598994,0.6823794787226468,1.0,-1.1398136729151316e-06
38,SELL,300.0,0.17633614099416645,1.6558885259307168,1.0,-1.4714271051345634e-06
39,SELL,120.0,0.001159023202908614,0.011870079891445439,1.0,-7.938530371900148e-07
40,SELL,300.0,0.02152052632330671,0.3849913340194018,1.0,-8.34469590219578e-07
41,SELL,120.0,0.004080774526112309,0.06304030678130226,1.0,-1.0844217929411972e-06
42,SELL,300.0,0.001991699631043063,0.02686076656909927,1.0,-7.936589822034111e-07
43,SELL,600.0,0.004750615942003443,0.1266999497442011,1.0,-7.939047171692239e-07
44,SELL,300.0,0.002939442402667206,0.035094570924196114,1.0,-9.515817782099038e-07
45,SELL,600.0,0.03447285518816038,1.348095569248214,1.0,-8.137856803416355e-07
46,BUY,300.0,0.01710840441212618,0.08844359294314699,1.0,-7.938732041321703e-07
47,BUY,120.0,0.004501201627516612,0.006514365421619271,1.0,-7.939589253215147e-07
48,BUY,300.0,0.0025945980783354627,0.020047894277808224,1.0,-7.937622983282532e-07
49,SELL,300.0,0.057361207459650905,1.8874041744314631,1.0,-1.959135509289997e-06
50,SELL,300.0,0.055936667280954054,0.9272536602473265,1.0,-1.6338628977625206e-06
51,SELL,300.0,0.001962095455517025,0.019408678718400685,1.0,-7.937144167911893e-07
52,BUY,600.0,0.0016668014368688097,0.06479438024840474,1.0,-1.017706566077252e-06
53,SELL,600.0,0.14770408618793548,2.056211119837927,1.0,-8.399446498562847e-07
54,BUY,300.0,0.02075220577586104,0.20000857088920718,1.0,-7.934839101113204e-07
55,BUY,600.0,0.0648350510554345,2.3452416227764417,1.0,-1.0893871026100921e-06
56,BUY,600.0,0.09173715860728215,2.880036832953385,1.0,-1.6142187375357139e-06
57,SELL,120.0,0.0023614406405014035,0.019859315737386838,1.0,-7.927592540182929e-07
58,SELL,600.0,0.04007124137604668,0.9160444235603771,1.0,-1.012683275508609e-06
59,BUY,300.0,0.049933849931105376,0.5950560612203225,1.0,-1.4326826014498433e-06
60,SELL,600.0,0.13263781908784522,2.1342047692637376,1.0,-1.4421100730918117e-06
61,BUY,600.0,0.00891160107138037,0.44748429585323873,1.0,-1.4910715402917102e-06
62,SELL,120.0,0.08206561530239612,0.3637767432278871,1.0,-7.936552028390494e-07
63,BUY,300.0,0.17589573654750787,3.8159438080126495,1.0,-1.8911552736004712e-06
64,SELL,600.0,0.0013437266261624437,0.03250387167626838,1.0,-7.937131568322808e-07
65,BUY,120.0,0.0330116866964503,0.11558756723884675,1.0,-7.941758320703282e-07
66,SELL,600.0,0.005341547295109275,0.09093332484669127,1.0,-7.937622983440133e-07
67,BUY,300.0,0.007232695396788575,0.05491161362031821,1.0,-7.939463180782469e-07
68,BUY,600.0,0.010566994375620902,0.4401213304377525,1.0,-7.937093769394548e-07
69,SELL,120.0,0.009618915692451881,0.01343213336716038,1.0,-7.936350469568768e-07
70,SELL,300.0,0.0014261842584910255,0.014163899050619431,1.0,-1.0469911096817134e-06
71,BUY,120.0,0.0151535395689309,0.10859421803935627,1.0,-7.936589821564498e-07
72,BUY,120.0,0.1800525507229803,0.9560588541286698,1.0,-3.182986617522451e-06
73,SELL,600.0,0.008369357321811944,0.27921524120378516,1.0,-1.2397478402069093e-06
74,SELL,300.0,0.0022315763029965075,0.014087500737096277,1.0,-7.936589821779778e-07
75,BUY,600.0,0.001386608002315219,0.024076862286794436,1.0,-7.933378659063136e-07
76,SELL,600.0,0.001510570987513102,0.03268018424255688,1.0,-8.382408774419823e-07
77,BUY,600.0,0.0021718615206516535,0.0435469612651012,1.0,-7.938227885417427e-07
78,SELL,120.0,0.0012951866393698407,0.0030619083261819117,1.0,-7.930560016087592e-07
79,SELL,300.0,0.003283155749796349,0.07734747985474594,1.0,-1.009864391180791e-06
80,SELL,120.0,0.004712961711679235,0.02378430829374237,1.0,-7.930107207115501e-07
81,SELL,600.0,0.044338514020898986,1.7401943406829694,1.0,-1.1839450619176078e-06
82,BUY,600.0,0.015171580416143629,0.47845991497316703,1.0,-1.127387916069978e-06
83,SELL,600.0,0.04930586917498764,1.1733030421618895,1.0,-1.6787575160094323e-06
84,BUY,120.0,0.00497967660682641,0.04565201552831547,1.0,-9.456115219123675e-07
85,SELL,120.0,0.0014496151695963914,0.0050179744259459605,1.0,-7.940459260564077e-07
86,SELL,300.0,0.002957871301452894,0.026695376297562176,1.0,-8.80280554378113e-07
87,BUY,300.0,0.0010461692041717292,0.02259918485918222,1.0,-7.939450574163532e-07
88,SELL,600.0,0.006257133630075174,0.11507603773082892,1.0,-8.698345516023591e-07
89,BUY,120.0,0.00442970786316032,0.008426469894469615,1.0,-7.933391246857645e-07
90,SELL,300.0,0.005860924632941396,0.039422026550242247,1.0,-7.933164674614891e-07
91,SELL,600.0,0.0015575483102515774,0.04870365349233454,1.0,-7.962560556301751e-07
92,BUY,600.0,0.0017226876495049775,0.04043844161263331,1.0,-8.075432213677385e-07
93,SELL,120.0,0.0014561449855338517,0.002239666456006648,1.0,-7.936602420177313e-07
94,BUY,300.0,0.024900838776887903,1.0364356506521908,1.0,-1.1073362420986744e-06
95,BUY,600.0,0.0011631323553878763,0.02951036869867772,1.0,-8.352149034300758e-07
96,BUY,300.0,0.03265870694760254,1.204760671399069,1.0,-2.5439379621271987e-06
97,BUY,300.0,0.04941586366699661,0.4632538005457438,1.0,-1.3436470982817847e-06
98,SELL,600.0,0.04685913881682221,2.304200171954838,1.0,-2.0797729713782107e-06
99,BUY,300.0,0.01740511923216152,0.3042760198957921,1.0,-7.938643809350831e-07
100,SELL,600.0,0.04512046347879168,0.9053339627761625,1.0,-1.0898159979540181e-06
101,SELL,300.0,0.0010933340883337876,0.01835052326292273,1.0,-7.933957735747126e-07
102,SELL,600.0,0.009467565497822473,0.24802725936511094,1.0,-1.0925120442541416e-06
103,SELL,300.0,0.04980250850022836,0.6057692568381418,1.0,-1.1990679442418506e-06
104,SELL,600.0,0.05834573970787024,1.275622151346657,1.0,-1.4000193518008046e-06
105,SELL,120.0,0.0012641994979783508,0.0025935508660296946,1.0,-7.942136768904269e-07
106,SELL,600.0,0.011678359467373636,0.2771851599940666,1.0,-8.944062634594328e-07
107,SELL,600.0,0.006518139427580521,0.22976827946712874,1.0,-1.4076433934431802e-06
108,BUY,120.0,0.0542313296462872,0.11300877109005177,1.0,-7.930509701279858e-07
109,SELL,300.0,0.03257662992733909,0.3659885812555766,1.0,-8.081357331367579e-07
110,BUY,300.0,0.0036134374622147757,0.06589293397746021,1.0,-7.935670282066216e-07
111,SELL,300.0,0.05739882982205442,0.4231003404415797,1.0,-1.1804790533842098e-06
112,BUY,120.0,0.00725132745176186,0.03360162368375083,1.0,-7.934864286197805e-07
113,BUY,600.0,0.01344657091391403,0.15610341327028046,1.0,-8.211370679423294e-07
114,BUY,600.0,0.016222149143278315,0.5431941117975371,1.0,-1.198429633558251e-06
115,SELL,120.0,0.175801475960882,0.27641831528610705,1.0,-7.935859211933949e-07
116,BUY,120.0,0.09289633190222965,0.37933782194563714,1.0,-7.938240488477905e-07
117,BUY,120.0,0.04435445046674048,0.18400474872107894,1.0,-7.936917380668137e-07
118,SELL,300.0,0.0015003734167810868,0.019181661821594236,1.0,-9.039066302256075e-07
119,BUY,600.0,0.00430262562837998,0.1329290960191527,1.0,-7.972877851805399e-07
120,BUY,120.0,0.05145522683565492,0.49474129074767803,1.0,-3.5359375792029626e-06
121,SELL,120.0,0.006428757309103757,0.08025163934769067,1.0,-8.107505287967263e-07
122,BUY,600.0,0.013735221729133813,0.37253169771426886,1.0,-1.093758658710147e-06
123,BUY,300.0,0.061587448641030273,0.7504599711510657,1.0,-1.8577195591252208e-06
124,SELL,600.0,0.07921121470211424,1.0491346839315974,1.0,-9.384669415588647e-07
125,BUY,300.0,0.006481304358889071,0.10507050890027923,1.0,-7.934650220718298e-07
126,SELL,120.0,0.026541441144823548,0.05792522657102964,1.0,-7.935821424779284e-07
127,SELL,300.0,0.057616991853703885,0.8215951891288419,1.0,-1.801204223568714e-06
128,BUY,120.0,0.01723197627105639,0.042476103730913366,1.0,-7.941972769983032e-07
129,BUY,120.0,0.0362644178382381,0.20168846502381113,1.0,-7.937207166601075e-07
130,BUY,600.0,0.05145906542167497,0.8294767036195728,1.0,-1.2464596132749488e-06
131,BUY,120.0,0.16771055739185228,0.9114940790635941,1.0,-3.434180676587155e-06
132,SELL,600.0,0.0025218184933604674,0.06012870110602167,1.0,-9.90409601914056e-07
133,BUY,120.0,0.0015159360068627652,0.0059104328531611175,1.0,-7.938605996375461e-07
134,BUY,300.0,0.010772488576678313,0.09906745873860429,1.0,-9.887944107699718e-07
135,SELL,120.0,0.0024454812545942456,0.01868938514402928,1.0,-7.936703204436601e-07
136,BUY,600.0,0.03192027326878229,0.6976965007458893,1.0,-1.2476528056563636e-06
137,SELL,600.0,0.0030077754411212587,0.09330530924293945,1.0,-7.934637628962096e-07
138,SELL,600.0,0.002148060464081981,0.09575197361165587,1.0,-7.936627616155087e-07
139,BUY,300.0,0.009178040690184438,0.11441340752080403,1.0,-7.942199845901157e-07
140,BUY,300.0,0.005562539395698633,0.06345334334849162,1.0,-7.939261473635751e-07
141,BUY,300.0,0.05307928078272173,0.49268569325572786,1.0,-1.0011555250650447e-06
142,BUY,120.0,0.0678966138804734,0.8471274135006979,1.0,-3.2385949283393667e-06
143,SELL,120.0,0.13815548674360442,0.5906200195680372,1.0,-2.5413191526845485e-06
144,BUY,120.0,0.012120801748737158,0.03838129718204541,1.0,-7.936312677761545e-07
145,BUY,120.0,0.1510538211643321,0.6670362665714245,1.0,-7.934222125009559e-07
146,SELL,120.0,0.0570663868386134,0.41026338452778144,1.0,-2.23136493049263e-06
147,BUY,300.0,0.006951299528281568,0.15604805901018962,1.0,-8.294775695100734e-07
148,SELL,300.0,0.00345311199593049,0.024696710722217317,1.0,-7.938101856693635e-07
149,BUY,120.0,0.0011638333760549176,0.0039218695785165495,1.0,-7.938278298948917e-07
150,BUY,600.0,0.01772760962453028,0.2892605039758927,1.0,-8.920518260701051e-07
151,BUY,600.0,0.001912069896761954,0.044170337158863114,1.0,-8.106352559733177e-07
152,BUY,120.0,0.035508204183730914,0.10863461555452675,1.0,-7.940610585460736e-07
153,BUY,300.0,0.036573246383770824,0.3666157178644786,1.0,-1.2216372085660333e-06
154,BUY,120.0,0.0073519079557829835,0.008492204593664517,1.0,-7.93565768779247e-07
155,SELL,300.0,0.004142448822167514,0.014471902418169324,1.0,-9.030505448156864e-07
156,BUY,600.0,0.04925210044448935,1.5944215820553989,1.0,-1.0356219848400411e-06
157,SELL,120.0,0.08694815977833019,0.4490778534180718,1.0,-1.6896274168170541e-06
158,BUY,300.0,0.10767244274567465,1.6528478418110186,1.0,-3.146364775045626e-06
159,BUY,300.0,0.01522882155172793,0.24284895232256581,1.0,-7.943019951567557e-07
160,SELL,600.0,0.004190880699777301,0.14673954762572083,1.0,-1.1268021816758803e-06
161,BUY,300.0,0.0011866167295340162,0.0068548257224311645,1.0,-8.449697215054563e-07
162,SELL,120.0,0.07563905183991075,0.15500476001596894,1.0,-9.346841400728783e-07
163,SELL,300.0,0.011678579309234431,0.09153413339385484,1.0,-1.0397514714976535e-06
164,BUY,600.0,0.007958621744115794,0.22576462850518839,1.0,-8.194271330723214e-07
165,BUY,300.0,0.014394490080849927,0.1207750479554657,1.0,-7.934750955851734e-07
166,SELL,120.0,0.0010312274344438236,0.010544448021708046,1.0,-7.933215022862785e-07
167,SELL,300.0,0.017806162659403726,0.14059130177746354,1.0,-7.942124152595396e-07
168,SELL,600.0,0.08603977295997138,2.4330372375256197,1.0,-1.4759620197663538e-06
169,BUY,120.0,0.014713338167668009,0.04584850133064994,1.0,-7.93506576925301e-07
170,SELL,300.0,0.008063259690470457,0.19539103540734676,1.0,-7.936010361358297e-07
171,BUY,300.0,0.02465479132655776,0.12498288662865145,1.0,-7.940446649984067e-07
172,SELL,600.0,0.12404422096830714,2.554242752686292,1.0,-1.4021055213610335e-06
173,BUY,120.0,0.0017285189607846767,0.0076784537150683925,1.0,-7.940547532056255e-07
174,BUY,600.0,0.009586118368146278,0.14656434666474405,1.0,-8.093848481316047e-07
175,BUY,600.0,0.0012044647455384738,0.03330410717684013,1.0,-8.228898521499811e-07
176,SELL,600.0,0.02982250829067608,0.7610543118809411,1.0,-1.5253944749370515e-06
177,BUY,120.0,0.034148761327508104,0.07178534016868357,1.0,-7.936325274692079e-07
178,BUY,120.0,0.0011693162174772496,0.007490031927331492,1.0,-7.931981670093306e-07
179,SELL,300.0,0.09783112043290132,0.6045891404598954,1.0,-8.200027541368736e-07
180,BUY,600.0,0.035996154857530924,0.32381457280394144,1.0,-8.010078235052583e-07
181,BUY,300.0,0.0015147073907565494,0.016579988909583024,1.0,-8.41058780350965e-07
182,SELL,120.0,0.006424502120199214,0.08231159704670035,1.0,-8.465146680414807e-07
183,BUY,300.0,0.001806944311174198,0.03322504430791485,1.0,-1.2742071329119536e-06
184,SELL,120.0,0.1356493831476118,0.5801318570320931,1.0,-7.940106191219383e-07
185,SELL,600.0,0.003769224616633281,0.11481022676193725,1.0,-8.943244325526907e-07
186,BUY,120.0,0.04263850146357713,0.28159445628534524,1.0,-7.938416936322157e-07
187,SELL,600.0,0.0013798886999971335,0.02150183266220848,1.0,-8.007682059907192e-07
188,SELL,120.0,0.001510973642302279,0.0029706828259763915,1.0,-7.93256054329539e-07
189,SELL,120.0,0.010943088364752078,0.10421588684855507,1.0,-7.93590959472662e-07
190,BUY,600.0,0.026032135082536965,0.5547880063015727,1.0,-1.3405062598499644e-06
191,SELL,300.0,0.07583548889581956,1.6161511969471742,1.0,-2.0789811074576304e-06
192,BUY,600.0,0.0012350188602669398,0.03287890908964465,1.0,-7.932120088713036e-07
193,SELL,600.0,0.014177009029788253,0.1665208720869281,1.0,-8.984793237917672e-07
194,SELL,600.0,0.004574851373663035,0.10982177983997954,1.0,-7.937244966354934e-07
195,SELL,600.0,0.0010479176094813328,0.02877793209330955,1.0,-7.932988459783045e-07
196,BUY,120.0,0.0023806145676598307,0.03313678259467227,1.0,-8.376022014138458e-07
197,BUY,120.0,0.004883816529617583,0.024940606998938956,1.0,-8.59723539350909e-07
198,SELL,600.0,0.0010541482308399873,0.030864902043934453,1.0,-8.35190972759677e-07
199,BUY,300.0,0.024956573317985894,0.2553198741065617,1.0,-8.079676929342612e-07
200,BUY,300.0,0.0264830266951772,0.3923045580320127,1.0,-8.555496035474867e-07
201,SELL,600.0,0.01575745189382066,0.47705410530307507,1.0,-9.821565059965662e-07
202,BUY,120.0,0.0023126800151239673,0.0046861028384376875,1.0,-7.939412753330337e-07
203,BUY,120.0,0.09003214425886666,0.16946666223080192,1.0,-7.938593392100934e-07
204,BUY,120.0,0.0015613236891934355,0.005012776544583143,1.0,-7.939021960075648e-07
205,SELL,120.0,0.0019556971513646224,0.009363909212055722,1.0,-7.933970325439451e-07
206,BUY,600.0,0.0501631267998057,1.0766451861261417,1.0,-2.086863813473906e-06
207,BUY,600.0,0.0032480373751995525,0.07896395445535886,1.0,-7.935733257635622e-07
208,SELL,300.0,0.0023519288990587364,0.023332674573070228,1.0,-7.936161517136955e-07
209,SELL,600.0,0.07184048059189856,1.2785476464958045,1.0,-1.087766666402646e-06
210,SELL,300.0,0.0040694382514024656,0.02356702204699572,1.0,-1.3209404492467263e-06
211,BUY,300.0,0.002787817504156703,0.05064440493598412,1.0,-7.935141328374385e-07
212,BUY,120.0,0.0018019965956244072,0.002313788454859774,1.0,-9.138594369247068e-07
213,BUY,120.0,0.057503534272298644,0.12620064581560003,1.0,-7.931780343582571e-07
214,SELL,120.0,0.17189336442772551,0.8117898567184485,1.0,-1.3592741390229918e-06
215,SELL,120.0,0.001063744556744771,0.004758305189152253,1.0,-7.937307966918314e-07
216,BUY,120.0,0.02111329836324375,0.03343360915207142,1.0,-7.937723793622637e-07
217,SELL,120.0,0.00638099303279703,0.008317963732913757,1.0,-7.944244116650942e-07
218,BUY,120.0,0.001264798682407058,0.003940975692359999,1.0,-7.936274886514339e-07
219,BUY,120.0,0.00703156413715507,0.09845377271856771,1.0,-7.937043372190233e-07
220,BUY,600.0,0.0016950465504568385,0.037225000430936406,1.0,-7.937282766256234e-07
221,SELL,600.0,0.001414104261154862,0.03161732785846245,1.0,-1.4885636934325235e-06
222,BUY,600.0,0.0010477327830071147,0.03741832685964734,1.0,-8.014424482593682e-07
223,BUY,300.0,0.0015328825769442118,0.01438596095131871,1.0,-7.936325274545623e-07
224,SELL,120.0,0.013627662741555718,0.08271532079194854,1.0,-7.936451247509452e-07
225,BUY,300.0,0.01629853223811243,0.21367843916747464,1.0,-7.933932557127237e-07
226,BUY,120.0,0.006710814078957187,0.0031749069848136975,1.0,-7.93885809035982e-07
227,SELL,600.0,0.001534767785434347,0.07023169558471731,1.0,-8.060992022597465e-07
228,SELL,300.0,0.006014730123111915,0.31170232644984425,1.0,-8.808328448917489e-07
229,SELL,300.0,0.021013612419566858,0.4395439447642284,1.0,-1.0343836966822939e-06
230,SELL,120.0,0.0051248976967291126,0.01761415369523791,1.0,-7.937572579172022e-07
231,SELL,300.0,0.007613228832989893,0.08475121517574204,1.0,-8.257955477358626e-07
232,BUY,120.0,0.05981501021826142,0.047111874331197595,1.0,-7.934939840449786e-07
233,SELL,120.0,0.18306708667421695,0.565115708068915,1.0,-3.4814299728602434e-06
234,SELL,120.0,0.14295915383085658,1.0221669364648538,1.0,-1.6420366909093178e-06
235,SELL,600.0,0.151669515475668,5.991842981320139,1.0,-2.2769871984736963e-06
236,BUY,300.0,0.015088152224718281,0.2666817561981436,1.0,-1.421481424970324e-06
237,BUY,120.0,0.14916301644544697,0.3261645894283367,1.0,-7.928422203580687e-07
238,SELL,120.0,0.001580635389408017,0.0038574731142308177,1.0,-7.942061075847583e-07
239,BUY,120.0,0.004425508217905204,0.04395667785657289,1.0,-7.93179292561289e-07
240,SELL,600.0,0.01695522281228437,0.40878352918953487,1.0,-8.332097353884941e-07
241,SELL,600.0,0.005670136225798567,0.12452218951772015,1.0,-7.932850011257315e-07
242,BUY,120.0,0.16310431474996834,0.7802265249018898,1.0,-2.7934744660478196e-06
243,BUY,120.0,0.0015943106995139724,0.02589256539452489,1.0,-1.8504883311617922e-06
244,BUY,600.0,0.004339714366213913,0.11363454538016056,1.0,-8.625176588450865e-07
245,BUY,120.0,0.002442262336747264,0.03061236793761216,1.0,-7.938026241531749e-07
246,SELL,120.0,0.0628393469302247,0.13444599446810207,1.0,-7.937786801905228e-07
247,SELL,300.0,0.003411516497318058,0.029985886405537298,1.0,-7.934499122830919e-07
248,SELL,120.0,0.03720442477524861,0.08020099869513722,1.0,-7.934788732528996e-07
249,BUY,120.0,0.010911249596612174,0.05450985108385172,1.0,-7.940207064648848e-07
250,SELL,300.0,0.00334763004598698,0.07119012022897879,1.0,-7.942691889897315e-07
251,BUY,600.0,0.005291046476911712,0.13189062595621645,1.0,-8.052024333243549e-07
252,BUY,120.0,0.006499195667157828,0.01586486925589293,1.0,-7.935493956658264e-07
253,BUY,600.0,0.11715866295735294,1.8203318943705007,1.0,-1.076155817807673e-06
254,SELL,600.0,0.0021511671176723418,0.0471100565681361,1.0,-8.091335211719133e-07
255,BUY,120.0,0.003992548685554159,0.03421621368783143,1.0,-7.936451247136791e-07
256,BUY,600.0,0.1862616878866805,3.3705857488284754,1.0,-2.5958957895167505e-06
257,SELL,120.0,0.011593657419931215,0.07241028768299858,1.0,-8.31664662662726e-07
258,BUY,300.0,0.0016850672759172519,0.029556081230939037,1.0,-7.93805144574677e-07
259,BUY,600.0,0.19716087982180489,4.867924360390781,1.0,-2.335498891881387e-06
260,SELL,300.0,0.08859803845793493,3.42437797120162,1.0,-3.980628837304605e-06
261,BUY,600.0,0.15657648327540535,4.921549009175661,1.0,-2.138837085438934e-06
262,SELL,300.0,0.0018030969808674642,0.00898000550261012,1.0,-7.941140268486023e-07
263,BUY,300.0,0.0892954288820801,0.7328981777413061,1.0,-1.0618486873473301e-06
264,SELL,600.0,0.12276958571713582,1.465950443754566,1.0,-1.249638816026521e-06
265,BUY,300.0,0.01728999058894316,0.21995641063749194,1.0,-8.246428001511056e-07
266,SELL,600.0,0.0012408157493958003,0.035073302139988924,1.0,-8.721134512851445e-07
267,SELL,300.0,0.005243311725782977,0.052791270463163856,1.0,-7.9311764231438e-07
268,BUY,600.0,0.0016077407534269832,0.039007288862434604,1.0,-7.938795065690852e-07
269,SELL,120.0,0.0013501021922782102,0.004678469137235328,1.0,-7.93991705944879e-07
270,BUY,600.0,0.00463854996895747,0.10288987379362065,1.0,-8.212798628531196e-07
271,BUY,600.0,0.0010695771688100702,0.017203437806955876,1.0,-7.936740999096919e-07
272,BUY,300.0,0.028392771525656054,0.569484868084554,1.0,-1.0273547401001403e-06
273,BUY,300.0,0.030887031175383058,0.9056903457228501,1.0,-9.613650508446872e-07
274,BUY,120.0,0.007328743217201819,0.026105210102291936,1.0,-7.934587261703839e-07
275,BUY,120.0,0.05942635890048373,0.45157268325371214,1.0,-2.0392344931141097e-06
276,BUY,600.0,0.00422729681535296,0.07808985943510335,1.0,-7.937786801870387e-07
277,BUY,600.0,0.006737299897667106,0.3806491838278524,1.0,-9.551620522003122e-07
278,BUY,300.0,0.03940676765590935,0.35615044629272286,1.0,-8.89504820790212e-07
279,SELL,300.0,0.03943658349283519,0.22779577597655332,1.0,-1.2539413540495752e-06
280,BUY,600.0,0.005944080412749108,0.15311858739491976,1.0,-7.94238908651161e-07
281,SELL,600.0,0.072228390145532,3.097281838642391,1.0,-2.0457586281635873e-06
282,BUY,300.0,0.0046761132740251,0.060788237360864014,1.0,-7.934071043013203e-07
283,BUY,300.0,0.12587109053970766,4.0502409061381845,1.0,-5.872795661906064e-06
284,BUY,120.0,0.04203715711452785,0.033482081184000236,1.0,-2.7731773210954845e-06
285,SELL,600.0,0.05536004968865838,0.8508924108957128,1.0,-9.057649126240747e-07
286,BUY,600.0,0.06337564863947576,1.8120933343358052,1.0,-1.3906507596444988e-06
287,SELL,600.0,0.024271027569089484,0.37427915307323795,1.0,-8.049831783646696e-07
288,SELL,600.0,0.03569338970767654,0.7451549740016042,1.0,-8.538299579833597e-07
289,SELL,120.0,0.010799921937030171,0.0058401388290457035,1.0,-7.9383665226761e-07
290,BUY,120.0,0.0036093504978311403,0.04460137135808927,1.0,-7.931490954013964e-07
291,BUY,120.0,0.15801689490406068,0.4975748075030838,1.0,-2.151111146750914e-06
292,SELL,120.0,0.0014307962464791381,0.0068008451173421315,1.0,-7.930308449173346e-07
293,SELL,120.0,0.002477776620861682,0.003210666018442912,1.0,-7.940597975019749e-07
294,SELL,300.0,0.004385426309115871,0.032277499380308786,1.0,-7.933580067803683e-07
295,BUY,600.0,0.008876328637565082,0.2825233793516606,1.0,-1.1619930177923627e-06
296,SELL,300.0,0.01848079144365072,0.1615658168856887,1.0,-7.936665409828667e-07
297,BUY,120.0,0.005052350263888559,0.0043245905614238255,1.0,-7.933277958600499e-07
298,BUY,120.0,0.003066559498439758,0.005652872260876154,1.0,-7.934360621902682e-07
299,SELL,120.0,0.03649913956374978,0.14143913942929345,1.0,-1.5282736789526294e-06
300,BUY,120.0,0.012150906055308434,0.13191593568883536,1.0,-7.933013632698369e-07
301,SELL,600.0,0.006457422041540038,0.3334531323901177,1.0,-9.228700528029654e-07
302,SELL,600.0,0.040154422016295994,0.6753887452184665,1.0,-8.297765673824379e-07
303,BUY,120.0,0.006227051040978933,0.04905296369320544,1.0,-9.276202297722594e-07
304,SELL,600.0,0.023739445254638496,0.7742365552434628,1.0,-1.6651495014285686e-06
305,BUY,600.0,0.007516043299833949,0.2638197646432147,1.0,-1.103557342344582e-06
306,SELL,300.0,0.01386489484997198,0.4406711098852837,1.0,-1.3987026124644563e-06
307,SELL,300.0,0.04400351856373874,0.3092995269557852,1.0,-1.077819950359749e-06
308,BUY,600.0,0.040133699348011115,1.0819523296319469,1.0,-1.6967987863532011e-06
309,BUY,120.0,0.10869193585702387,0.6022113155883386,1.0,-2.798748825614727e-06
310,BUY,600.0,0.00220175846640148,0.03341159020268878,1.0,-7.927014393139918e-07
311,SELL,600.0,0.05185008665877832,1.2458245688317342,1.0,-1.108809259060231e-06
312,BUY,600.0,0.0019050649593584474,0.03697289415205377,1.0,-7.937383568306046e-07
313,SELL,120.0,0.056403383761572,0.1897551710316799,1.0,-7.938404332835059e-07
314,BUY,300.0,0.0945638703131854,1.4795385855742524,1.0,-2.249580419509337e-06
315,SELL,300.0,0.00150853611059552,0.008644381023886148,1.0,-7.93592218968299e-07
316,SELL,120.0,0.04429626177915902,0.1822384339618593,1.0,-2.5565206223909286e-06
317,SELL,120.0,0.002983569799566102,0.02774468460227222,1.0,-7.940219673800329e-07
318,SELL,120.0,0.1622095481395264,0.28703759306167004,1.0,-1.1125837854612053e-06
319,BUY,300.0,0.10276951540886847,0.8597001525017484,1.0,-1.0339122281147372e-06
320,SELL,600.0,0.06944870708373269,1.2785990078645988,1.0,-8.31318116944736e-07
321,BUY,120.0,0.011009695372002408,0.16506836287908574,1.0,-9.1545149612603e-07
322,BUY,120.0,0.009319398801350683,0.04723982428221966,1.0,-7.938278297587514e-07
323,BUY,600.0,0.0018550685235919529,0.059718771009316725,1.0,-8.841981326025852e-07
324,BUY,600.0,0.06470049093491831,2.845435717041589,1.0,-1.227243480027329e-06
325,BUY,300.0,0.028407912111608993,0.20871273270311816,1.0,-7.935279857275921e-07
326,BUY,300.0,0.02808451453752364,0.3328837588834125,1.0,-7.938479955376904e-07
327,SELL,120.0,0.07301794926145198,1.3724308901224864,1.0,-5.467610879630981e-06
328,BUY,600.0,0.06661575322647673,1.7879785307347424,1.0,-1.1479434257130081e-06
329,BUY,120.0,0.05633755503847341,0.21003209916321836,1.0,-7.934247305648583e-07
330,SELL,300.0,0.002371892307362116,0.02172693815771496,1.0,-8.299468600470003e-07
331,SELL,120.0,0.08037179695521104,0.4399089600242964,1.0,-3.3340363689142437e-06
332,SELL,600.0,0.0366161810542414,1.5518760517248613,1.0,-1.6526291580588452e-06
333,BUY,300.0,0.0019223247754362896,0.012242858399884688,1.0,-7.941379909906405e-07
334,BUY,600.0,0.0015632888119070437,0.024117948329293933,1.0,-7.94077452708571e-07
335,SELL,300.0,0.0025864458357986483,0.06192243644898805,1.0,-7.939261473759314e-07
336,SELL,600.0,0.017230870964087035,0.2537903442987464,1.0,-8.405860706023556e-07
337,BUY,600.0,0.009401911228153348,0.3373189358062815,1.0,-1.100815310883138e-06
338,BUY,600.0,0.002995423073801834,0.06569684488005073,1.0,-7.939614467864495e-07
339,BUY,120.0,0.005081488452755108,0.008739144803023291,1.0,-7.935972573370991e-07
340,SELL,120.0,0.004376667860553332,0.04930102329645537,1.0,-7.931830674680404e-07
341,SELL,600.0,0.004662507972849261,0.16591055774441352,1.0,-8.338235519833217e-07
342,BUY,300.0,0.11435794450985552,3.6603531823982713,1.0,-1.7530932607780892e-06
343,BUY,120.0,0.019054118890728517,0.11596265763727849,1.0,-7.93321502298783e-07
344,BUY,600.0,0.0018346646007288182,0.038803813204422166,1.0,-8.288171048996828e-07
345,SELL,120.0,0.11408753819106283,0.10353151060348015,1.0,-8.102186227191267e-07
346,SELL,600.0,0.013655581368008613,0.3722225597767311,1.0,-8.624764427712257e-07
347,SELL,300.0,0.0012145676646233554,0.0200508032668668,1.0,-7.932774495760851e-07
348,SELL,120.0,0.09926405995286627,0.08324825875925475,1.0,-7.937320565941155e-07
349,BUY,300.0,0.02113224993040956,0.4575412698387396,1.0,-7.931604190574358e-07
350,BUY,600.0,0.05208429269926594,2.2891684513778974,1.0,-1.3231796891153388e-06
351,BUY,120.0,0.0019969780436926723,0.02800249296721055,1.0,-7.932862597652578e-07
352,SELL,300.0,0.15456483966744108,1.9197465135073608,1.0,-1.768931843061637e-06
353,SELL,120.0,0.0013776249359585206,0.014306959621037478,1.0,-7.933441598288516e-07
354,SELL,300.0,0.13201324177539572,2.072019339273288,1.0,-2.212628254088079e-06
355,SELL,300.0,0.006143852443236132,0.09317072888077677,1.0,-7.937799403531631e-07
356,SELL,120.0,0.070655808131907,0.08408341614884027,1.0,-7.940585364898741e-07
357,SELL,600.0,0.01301159128587572,0.3779057669238639,1.0,-8.015908074964975e-07
358,BUY,600.0,0.10513555459719241,2.0847449945583434,1.0,-1.4820990905299604e-06
359,BUY,600.0,0.00514338026647227,0.08001450975236644,1.0,-7.936627615452871e-07
360,SELL,600.0,0.03558173925181629,0.8099884594382853,1.0,-8.494496206899517e-07
361,BUY,600.0,0.012807326691905919,0.2942005381655942,1.0,-1.1743127638680175e-06
362,BUY,120.0,0.007226422763927034,0.06471326474028745,1.0,-8.1061057415818e-07
363,SELL,300.0,0.0015363974097191762,0.02230280175728269,1.0,-7.930962556942357e-07
364,BUY,120.0,0.17279609556206832,0.9357613824356685,1.0,-3.358029925789202e-06
365,SELL,600.0,0.0014617147085413211,0.05919579527366652,1.0,-8.277364822906444e-07
366,BUY,300.0,0.015006198563465913,0.17591267762824025,1.0,-8.554057062217393e-07
367,SELL,600.0,0.018341329293595346,0.7060594984098412,1.0,-1.0801491791538435e-06
368,SELL,300.0,0.015444552683108006,0.136113927343082,1.0,-7.938530371760697e-07
369,BUY,600.0,0.15413927868143013,3.4872245060258464,1.0,-2.6680465864341454e-06
370,BUY,300.0,0.014246915728415145,0.15942125391054013,1.0,-9.108839076937678e-07
371,BUY,600.0,0.008270677337889927,0.25269993159196324,1.0,-9.477916473407322e-07
372,BUY,300.0,0.01158143236864695,0.09871001386840984,1.0,-7.940333160143981e-07
373,BUY,120.0,0.007079776248128708,0.3138248762176099,1.0,-7.934650220832795e-07
374,BUY,300.0,0.01882981333515225,0.770461514052667,1.0,-1.336862839427766e-06
375,BUY,600.0,0.008037320754267564,0.321679606006963,1.0,-8.436947094102026e-07
376,SELL,600.0,0.0025069514620292693,0.05641005062548569,1.0,-7.935103549117352e-07
377,SELL,600.0,0.012710447080705534,0.3715711410107712,1.0,-1.119981516773922e-06
378,SELL,120.0,0.015288958865940151,0.06367430824726637,1.0,-7.934259895844484e-07
379,BUY,300.0,0.036982537141613245,0.7167316833512489,1.0,-9.695221742416388e-07
380,SELL,600.0,0.06349845957501267,1.845577360836072,1.0,-1.167168907612788e-06
381,BUY,600.0,0.006404834843384793,0.12290136988617231,1.0,-8.179474938251899e-07
382,SELL,600.0,0.0011289721012859484,0.04088731313526271,1.0,-8.228589462269979e-07
383,BUY,300.0,0.04639888320342817,1.002422572464913,1.0,-1.654947220527608e-06
384,BUY,300.0,0.12851400277042455,1.8505142835692994,1.0,-1.40073377526716e-06
385,SELL,120.0,0.007730799142796399,0.06190932126736461,1.0,-1.2860289013551537e-06
386,SELL,300.0,0.03892776761103043,0.4473803864903411,1.0,-1.252710437562433e-06
387,SELL,300.0,0.06273936010373359,0.5703087933384159,1.0,-7.936526833122189e-07
388,SELL,300.0,0.0018387779555443166,0.014478596706504945,1.0,-7.936161516608926e-07
389,SELL,600.0,0.015330259414985063,0.36296038633514305,1.0,-8.016677569428441e-07
390,BUY,600.0,0.001265446547099502,0.0477426915681535,1.0,-7.741960465827997e-07
391,BUY,120.0,0.0017197452349216311,0.004588457121178935,1.0,-7.937761598549583e-07
392,SELL,300.0,0.021543184481171585,0.20516173939453064,1.0,-1.741305042587652e-06
393,BUY,120.0,0.00786655884770647,0.07941233912901043,1.0,-7.942717124451018e-07
394,BUY,300.0,0.004410043795509887,0.06190241901370499,1.0,-7.932208175799415e-07
395,SELL,600.0,0.039486979857105864,1.015948173905923,1.0,-1.383410854280709e-06
396,BUY,300.0,0.0010112326736196517,0.009280691191466408,1.0,-8.882631485568878e-07
397,SELL,300.0,0.004924782047614037,0.11149963620652839,1.0,-2.0691013645682622e-06
398,BUY,600.0,0.11727462703679083,3.1098800396503896,1.0,-1.3834786583694705e-06
399,SELL,120.0,0.006280397612586093,0.033456165238615096,1.0,-7.939211048382674e-07
400,SELL,300.0,0.009935763161272404,0.07747044196641417,1.0,-1.9225972479187634e-06
401,BUY,120.0,0.03486888376364883,0.2077384798880313,1.0,-1.073866591121534e-06
402,BUY,120.0,0.021811785419518646,0.15147951674508678,1.0,-7.9346124454769e-07
403,SELL,120.0,0.0756762402666468,1.038228720706465,1.0,-2.7739587763174946e-06
404,BUY,300.0,0.06161859673352653,0.8066836123799133,1.0,-1.600582614503362e-06
405,BUY,120.0,0.09296712793146789,1.1918331038914243,1.0,-3.7806902267311813e-06
406,BUY,120.0,0.018723248407883246,0.21879513255645835,1.0,-8.158900153954658e-07
407,SELL,300.0,0.002945937135233987,0.023068886254517827,1.0,-7.935040583333258e-07
408,SELL,120.0,0.049796176168722395,0.05256356288604242,1.0,-7.926549422690344e-07
409,BUY,120.0,0.039050236392638285,0.24841539239440863,1.0,-8.593968527361034e-07
410,BUY,300.0,0.006395711172484011,0.07719070284819082,1.0,-7.945506537746107e-07
411,SELL,600.0,0.002450107737354089,0.06694786721048995,1.0,-8.248985251225524e-07
412,BUY,120.0,0.029474012546669093,0.09341777449756429,1.0,-8.82812586602758e-07
413,BUY,120.0,0.001234531094341669,0.008817652378803767,1.0,-1.0203683601771978e-06
414,BUY,300.0,0.15759135657980824,3.05077074678973,1.0,-2.2755996190579407e-06
415,BUY,300.0,0.001635969405612966,0.015321893584197551,1.0,-7.93429766792805e-07
416,BUY,120.0,0.12000193536499823,0.23120280886553055,1.0,-8.017964455855469e-07
417,BUY,300.0,0.011424169235349968,0.06593141907010404,1.0,-8.991411064110682e-07
418,SELL,300.0,0.10768714698982088,1.9481693977846806,1.0,-3.6530336088965072e-06
419,BUY,120.0,0.1433781814098965,0.5712057132583347,1.0,-7.933429010105201e-07
420,BUY,300.0,0.11098862666789877,2.3612638870448226,1.0,-1.0500298186700016e-06
421,BUY,600.0,0.09002758330195101,0.9918618401320425,1.0,-1.292135630344639e-06
422,BUY,120.0,0.07713000518800285,1.122574889996652,1.0,-7.939034565733803e-07
423,SELL,300.0,0.10933158250125785,1.437481564209596,1.0,-1.5347608568411516e-06
424,BUY,300.0,0.022873827898511567,0.25083552776446094,1.0,-7.936022957219611e-07
425,BUY,120.0,0.006598537480606457,0.0181230565753734,1.0,-7.937106368718328e-07
426,BUY,600.0,0.01604550380105098,0.3716190931402363,1.0,-7.940471869777033e-07
427,SELL,300.0,0.0063009836126806775,0.11906878287623637,1.0,-7.933252784510331e-07
428,BUY,120.0,0.13219528646454135,0.41982983364055115,1.0,-7.936300080443944e-07
429,SELL,120.0,0.16405386665065821,0.9522164030135328,1.0,-7.93558211855696e-07
430,SELL,120.0,0.15895672749601997,0.7452533715531027,1.0,-7.643305002533446e-06
431,SELL,600.0,0.014932813083693517,0.29392861821050015,1.0,-7.939299293182328e-07
432,SELL,120.0,0.01641785304041393,0.04747867463827495,1.0,-7.934902064192967e-07
433,BUY,120.0,0.0013531182427355616,0.00147623933326758,1.0,-7.935582118492485e-07
434,BUY,120.0,0.0021041952479346213,0.0018979672300763674,1.0,-7.934889470885095e-07
435,SELL,300.0,0.001786741710246763,0.025457547821049545,1.0,-7.940181845961148e-07
436,SELL,600.0,0.002917078467470806,0.05723494027320752,1.0,-8.505574318461388e-07
437,BUY,300.0,0.008616471268148426,0.20802088236040195,1.0,-7.938114459366273e-07
438,BUY,120.0,0.00600095544621456,0.08539554751331471,1.0,-7.939437966781412e-07
439,BUY,300.0,0.005577834982723238,0.07051519922299435,1.0,-7.93535542040155e-07
440,SELL,300.0,0.017286588890541785,0.16212761602290393,1.0,-8.898969925970956e-07
441,BUY,120.0,0.0016576696122622891,0.006034112132478584,1.0,-7.934133993592999e-07
442,BUY,120.0,0.004941040952552654,0.010823372723690921,1.0,-7.939627076419418e-07
443,SELL,120.0,0.10681008541670813,0.19950358981427252,1.0,-1.5273005472290101e-06
444,BUY,600.0,0.0024833295089581485,0.05458359436475244,1.0,-8.008005979817404e-07
445,SELL,600.0,0.0023300106726161823,0.05929687541183954,1.0,-8.413490452835657e-07
446,SELL,120.0,0.002523588485253658,0.029708815649813973,1.0,-7.938530372130132e-07
447,SELL,300.0,0.06650349910705437,0.3362708800636274,1.0,-7.932384355679304e-07
448,BUY,600.0,0.0020242786949443243,0.04898355142820231,1.0,-9.457945661573769e-07
449,BUY,600.0,0.06020126566619867,2.106371696687497,1.0,-1.239237202284214e-06
450,BUY,120.0,0.057616085870820274,0.59820112020321,1.0,-2.334296587397646e-06
451,BUY,120.0,0.011988868116150738,0.06506081758094674,1.0,-7.933189848306087e-07
452,BUY,600.0,0.009321303027600003,0.23266921115378317,1.0,-1.1502969489410479e-06
453,BUY,120.0,0.003402790629666947,0.013606352025530259,1.0,-7.937812005052797e-07
454,BUY,600.0,0.05311890107837978,0.695140460061681,1.0,-1.0684153239773996e-06
455,BUY,600.0,0.005961139143501215,0.19066338941266464,1.0,-8.019293666962374e-07
456,BUY,600.0,0.16277786991209622,3.914048960699284,1.0,-2.066154350006973e-06
457,SELL,300.0,0.17486704543302264,1.283310929905195,1.0,-1.363316924208621e-06
458,SELL,600.0,0.006076121951198203,0.24475801566075048,1.0,-8.307837982351379e-07
459,BUY,600.0,0.002390797332527229,0.05316646023241651,1.0,-1.1480491741588618e-06
460,SELL,300.0,0.0017406254798570076,0.04270918234127232,1.0,-9.557877473548991e-07
461,BUY,120.0,0.19784359344657043,0.803450895243113,1.0,-3.316660071624197e-06
462,BUY,120.0,0.01296322272071258,0.05511464871237632,1.0,-1.0581980838764525e-06
463,BUY,600.0,0.027092739848551456,0.26995265964830367,1.0,-7.934990211709363e-07
464,SELL,300.0,0.03133732178898051,0.34773465992947844,1.0,-7.936337871907682e-07
465,SELL,120.0,0.034317549359036165,0.5263548278577302,1.0,-1.1320411854177655e-06
466,BUY,120.0,0.050215723046428996,0.19313768007403317,1.0,-7.934133992925133e-07
467,SELL,300.0,0.008662574060964174,0.1573420917421757,1.0,-1.6438835256067167e-06
468,BUY,600.0,0.009745044136163908,0.42601027198809577,1.0,-8.575652175512834e-07
469,SELL,600.0,0.012851323421853248,0.3955501604599683,1.0,-8.897690257248778e-07
470,BUY,300.0,0.001380714030219936,0.013302328333831534,1.0,-7.938933721471432e-07
471,BUY,120.0,0.028219874513175085,0.022686277473767766,1.0,-7.934020683653372e-07
472,BUY,300.0,0.002493123604491159,0.04710007110153946,1.0,-8.70959373992546e-07
473,SELL,300.0,0.001069196350601331,0.01968899287092455,1.0,-7.930333605406126e-07
474,BUY,120.0,0.05729525200571649,0.12392740017045324,1.0,-7.93844214408833e-07
475,BUY,300.0,0.001801434659411229,0.0398794901947308,1.0,-9.07344064358725e-07
476,BUY,120.0,0.16994848935272724,1.2943140717576898,1.0,-3.734889318187e-06
477,SELL,300.0,0.003025849525108071,0.02377614029615626,1.0,-8.69810619558513e-07
478,BUY,300.0,0.0010818994236076664,0.012199493225658994,1.0,-9.512756187024546e-07
479,BUY,600.0,0.04540875477500655,1.5865776144234802,1.0,-1.3211010739973825e-06
480,SELL,300.0,0.012921304827558362,0.0865317470523955,1.0,-8.469540752098948e-07
481,SELL,600.0,0.047992816453865585,3.4342358512683986,1.0,-2.088397791434208e-06
482,SELL,600.0,0.02304627149807847,0.408706133079559,1.0,-9.381994614036953e-07
483,SELL,300.0,0.001050860468153072,0.008967547354507515,1.0,-7.941493429307823e-07
484,SELL,600.0,0.09073703199611251,2.107691606640031,1.0,-1.319473579505227e-06
485,SELL,120.0,0.08161870738673711,0.14320593351305272,1.0,-7.939148018002488e-07
486,SELL,300.0,0.0097014362974319,0.2887036983465792,1.0,-8.196894665889031e-07
487,SELL,300.0,0.04296442757978349,1.21104586097619,1.0,-9.830600212812985e-07
488,SELL,120.0,0.0021933635638087022,0.012010907765743482,1.0,-7.936665410163867e-07
489,SELL,600.0,0.0013220287280008322,0.019857186074926474,1.0,-8.448828903184101e-07
490,SELL,120.0,0.06024842953804149,0.9087045218203125,1.0,-1.4802492774688871e-06
491,BUY,300.0,0.08322920572995096,1.7668934675595378,1.0,-2.7534562565023694e-06
492,BUY,600.0,0.046512378555016054,1.8159292485450294,1.0,-8.866043024941739e-07
493,BUY,120.0,0.009240257481053777,0.02733813228696397,1.0,-7.933391246973283e-07
494,SELL,600.0,0.001479835377626115,0.04414904256901347,1.0,-8.04294328410753e-07
495,SELL,120.0,0.0015872121435992436,0.02284509212787625,1.0,-8.265463955808607e-07
496,BUY,120.0,0.15307802255920858,0.9070665629172469,1.0,-1.6566346533800867e-06
497,SELL,300.0,0.017635625256011325,0.2892700153573656,1.0,-8.100993450407522e-07
498,BUY,300.0,0.00946902483215816,0.026944035323096503,1.0,-7.932346602113402e-07
499,BUY,120.0,0.09021118645985182,0.34261981822483073,1.0,-1.1145143250237257e-06
500,BUY,300.0,0.12097650907867957,2.5804570692939524,1.0,-3.3655444650745123e-06
501,SELL,600.0,0.0061110216809513295,0.09210688725779606,1.0,-8.225906090235917e-07
502,SELL,600.0,0.004988092090076331,0.09630116473516087,1.0,-7.93938753998219e-07
503,BUY,120.0,0.06488025215689774,0.3260884782072019,1.0,-9.898097552545664e-07
504,SELL,120.0,0.0016562735992466866,0.004088512715366541,1.0,-7.942805445901689e-07
505,SELL,600.0,0.013476238114867698,0.3910058489886317,1.0,-8.020761566857147e-07
506,SELL,600.0,0.048586199240430644,1.1451455272804854,1.0,-1.1935919622063418e-06
507,BUY,120.0,0.005233711431492321,0.017186789970017005,1.0,-7.939034565412821e-07
508,SELL,120.0,0.0016417721797680575,0.007546192075460082,1.0,-7.940875418773781e-07
509,BUY,600.0,0.013508872827190163,0.5745084354550613,1.0,-8.175909610812259e-07
510,SELL,120.0,0.011062863308897698,0.022521975594260817,1.0,-7.930321026978217e-07
511,SELL,300.0,0.045241543341018084,0.4154949147170359,1.0,-2.5568162682118514e-06
512,BUY,600.0,0.0013131984068492073,0.0427146035835379,1.0,-9.792010392118787e-07
513,BUY,120.0,0.047661786808261934,0.09455543302413286,1.0,-1.5322547556808953e-06
514,BUY,600.0,0.01370213306367159,0.2556472296602984,1.0,-1.1844671853764264e-06
515,SELL,600.0,0.0011176099554884983,0.02701087150633558,1.0,-4.374427788425294e-06
516,SELL,120.0,0.02155403458662131,0.027327143225946125,1.0,-7.934373211921117e-07
517,BUY,120.0,0.0022590482185506893,0.0017261526983438486,1.0,-7.938870695592717e-07
518,BUY,300.0,0.0010852926276770534,0.005345544785287308,1.0,-9.349427702716849e-07
519,BUY,600.0,0.07366306531077617,1.527469587559888,1.0,-1.081032529186298e-06
520,BUY,600.0,0.014150032473779939,0.28427089511936726,1.0,-8.506168026165328e-07
521,BUY,300.0,0.0023845676029991617,0.05975474688454805,1.0,-2.3709272979048432e-06
522,SELL,600.0,0.004890338017096788,0.07598518967888579,1.0,-8.547532761955257e-07
523,SELL,600.0,0.15283737398624422,4.225468249196652,1.0,-3.721307726942887e-06
524,SELL,300.0,0.0057955857081827995,0.09646638165254608,1.0,-8.678181638809015e-07
525,SELL,300.0,0.0010159425319093596,0.021178074589468354,1.0,-7.931717431258383e-07
526,BUY,300.0,0.15058104773791614,1.0972996491264493,1.0,-1.6970484934250766e-06
527,BUY,600.0,0.0022717078381571327,0.09310800079351159,1.0,-1.0449314629699693e-06
528,BUY,120.0,0.045488209412255,0.21231694355252484,1.0,-7.93222076080161e-07
529,BUY,300.0,0.0018792441486093637,0.021381686032674277,1.0,-1.1938277220135713e-06
530,BUY,300.0,0.0015802400247851638,0.024982589890842524,1.0,-7.937711192761144e-07
531,BUY,600.0,0.0069671921642403675,0.17690029676491484,1.0,-1.6008274694261073e-06
532,SELL,300.0,0.16582143344600256,1.5884981157899591,1.0,-1.0159889994545339e-06
533,BUY,120.0,0.0013942049081259965,0.0060560737078815255,1.0,-7.938202680113889e-07
534,BUY,300.0,0.01697487751571693,0.12948668823171433,1.0,-1.7246336115999333e-06
535,BUY,120.0,0.00320588497304724,0.026121900242209978,0.9443675570867279,-0.00015549774358025858
536,BUY,300.0,0.006414377870625313,0.058318734413374325,1.0,-7.93796322936936e-07
537,BUY,120.0,0.008110788167896137,0.02028765393678156,1.0,-7.928283915088899e-07
538,BUY,300.0,0.012109938722466383,0.17550067970428956,1.0,-1.9957098165334718e-06
539,BUY,600.0,0.00680516903676105,0.2589503747953202,1.0,-1.2404584621670498e-06
540,BUY,300.0,0.006112929393805844,0.03819915618121085,1.0,-7.928598215500268e-07
541,SELL,300.0,0.02753579501050982,0.2876079676935041,1.0,-7.938164870706482e-07
542,BUY,120.0,0.014567092864386337,0.2651132115920399,1.0,-1.3141127556738054e-06
543,SELL,300.0,0.006197664179889145,0.06737093757841987,1.0,-9.208441795183491e-07
544,BUY,600.0,0.001285179278348111,0.0404728058566244,1.0,-7.939400146382977e-07
545,BUY,600.0,0.0036016238897041307,0.14690668105998064,1.0,-7.930622910547616e-07
546,SELL,600.0,0.007218153351564774,0.25028120247396946,1.0,-9.567887561927552e-07
547,BUY,120.0,0.04965876786461258,0.37363083176614237,1.0,-2.500216288447177e-06
548,SELL,600.0,0.008715940850911475,0.13395750353271735,1.0,-1.0526449033034456e-06
549,SELL,300.0,0.0416839245883703,0.8138204536151212,1.0,-2.1086064773594754e-06
550,BUY,120.0,0.0012265612781305042,0.0016714631669545565,1.0,-7.935418390467862e-07
551,BUY,600.0,0.004315840555267909,0.09624652147924083,1.0,-1.1445190102313877e-06
552,SELL,300.0,0.02387887891354229,0.6921489957623156,1.0,-1.4723000332740277e-06
553,SELL,300.0,0.002949373148314051,0.060865700784293014,1.0,-7.943070425324966e-07
554,SELL,600.0,0.04444114977359033,1.8447982781003907,1.0,-1.8029747979096218e-06
555,SELL,300.0,0.0026221589393533554,0.05750510295451072,1.0,-1.3482912447946457e-06
556,SELL,300.0,0.0011645488181975796,0.028313108520377318,1.0,-1.0246277260810808e-06
557,BUY,120.0,0.01228323636211038,0.035181280151905976,1.0,-7.936262289709611e-07
558,BUY,300.0,0.006464840601215982,0.155282908745441,1.0,-1.070955589120011e-06
559,SELL,600.0,0.002151421830183982,0.09197005491804539,1.0,-7.932157840571686e-07
560,SELL,600.0,0.010798290644312763,0.1813370174784299,1.0,-1.201516404918404e-06
561,SELL,600.0,0.1937574886060366,3.7929513913615454,1.0,-2.2927554364924506e-06
562,BUY,600.0,0.04650366491570567,1.112800224654818,1.0,-1.7612456263218025e-06
563,BUY,120.0,0.004619969666042024,0.044279324537555675,1.0,-7.932560542739312e-07
564,BUY,600.0,0.0011304714467899406,0.021786108822820383,1.0,-1.350358977112441e-06
565,SELL,600.0,0.048587437825797046,0.9381343286244175,1.0,-8.167731831516836e-07
566,BUY,120.0,0.0011333045563151484,0.0037862941276465335,1.0,-7.938051446554898e-07
567,BUY,120.0,0.002302830197358025,0.003814087517817351,1.0,-7.936451247006685e-07
568,SELL,300.0,0.09867686723618461,1.277481148602824,1.0,-1.4741701170941743e-06
569,SELL,600.0,0.01793246539220187,0.573538897575382,1.0,-3.3365606824724287e-06
570,SELL,300.0,0.008567034902196263,0.0724912914299758,1.0,-8.471935522019352e-07
571,BUY,300.0,0.005794180604012728,0.0954113194191398,1.0,-7.93536801431009e-07
572,BUY,600.0,0.004003307752658601,0.12051689892974161,1.0,-8.874901364342731e-07
573,BUY,300.0,0.03136711304170394,0.33413494023088847,1.0,-7.941379910036105e-07
574,BUY,120.0,0.15608206889243556,1.8175682400294917,1.0,-8.582802269845508e-07
575,SELL,600.0,0.005573103953673079,0.13164175060638958,1.0,-1.0872494873138333e-06
576,SELL,120.0,0.052750627431721715,0.28745147497960644,1.0,-2.8468251359019772e-06
577,BUY,300.0,0.0035088725920019923,0.01918724943476923,1.0,-7.937358367764435e-07
578,SELL,600.0,0.0617740689084687,1.636437286073439,1.0,-1.0109152569598395e-06
579,SELL,300.0,0.18112718794269905,8.016224867063475,1.0,-6.330231768832585e-06
580,SELL,120.0,0.0015747589572470083,0.0040607027904947844,1.0,-7.931327395150835e-07
581,BUY,120.0,0.002310846817454799,0.01468327775200912,1.0,-7.932271096323576e-07
582,BUY,600.0,0.001244249384950481,0.027069634789076525,1.0,-9.610678013973675e-07
583,SELL,120.0,0.0018985737765673018,0.017558305689660332,1.0,-8.591564094610073e-07
584,SELL,120.0,0.03894865552979892,0.055471536242467874,1.0,-7.93534282631801e-07
585,BUY,120.0,0.03479119125957869,0.18083984990113067,1.0,-7.934977619436432e-07
586,SELL,300.0,0.006836039623062927,0.05204264695042293,1.0,-7.933605244598476e-07
587,SELL,300.0,0.003505376866050997,0.04469869038057397,1.0,-7.935834020270846e-07
588,SELL,300.0,0.004330083289190216,0.13047577084078216,1.0,-7.941014147217959e-07
589,BUY,120.0,0.017681388198641085,0.1420171703813774,1.0,-7.942376470227752e-07
590,SELL,120.0,0.08956059116069631,0.5413479970212571,1.0,-2.3348993458023582e-06
591,BUY,300.0,0.0030413056602930136,0.027930353577890314,1.0,-7.936501637232971e-07
592,BUY,600.0,0.009827076601253438,0.232316117203576,1.0,-9.182015294402879e-07
593,SELL,300.0,0.002025588990334625,0.02107807382431196,1.0,-8.062034467289265e-07
594,BUY,300.0,0.14397564459188558,2.325180492746,1.0,-1.6245371946939344e-06
595,SELL,600.0,0.082634818284255,3.4643193972644926,1.0,-1.2212685683888931e-06
596,BUY,120.0,0.002644607601072716,0.002705355160460032,1.0,-7.937018173495098e-07
597,BUY,120.0,0.10520761202532844,1.4206788033970605,1.0,-3.35083129228207e-06
598,BUY,300.0,0.16218424219586194,1.1823885924210356,1.0,-3.972910475009848e-06
599,SELL,120.0,0.034831878631996424,0.13429062972076422,1.0,-1.0899847264127016e-06
600,SELL,300.0,0.1638551891750888,0.9308222665648928,1.0,-3.5605546271334243e-06
601,SELL,600.0,0.02102444053079559,0.5305109882930208,1.0,-9.152215302188104e-07
602,BUY,600.0,0.0026868893591311177,0.07868966626476466,1.0,-7.933076565988175e-07
603,SELL,600.0,0.005246081927614957,0.09970695542082679,1.0,-7.936073342171504e-07
604,BUY,600.0,0.007451852370281199,0.23131922487859774,1.0,-7.941127655943972e-07
605,BUY,120.0,0.004463671852313628,0.019326924023729857,1.0,-7.932774495888639e-07
606,SELL,300.0,0.0026160787641659406,0.049921190552882924,1.0,-8.119090440884732e-07
607,BUY,120.0,0.06437909015704432,0.223501821940695,1.0,-7.935380608733588e-07
608,SELL,120.0,0.021234086786728147,0.36292148614434183,1.0,-3.1596084246412584e-06
609,SELL,600.0,0.013622785652967283,0.4847074597048848,1.0,-1.9769538436843093e-06
610,SELL,300.0,0.004059601764749349,0.08026172558334888,1.0,-1.4878170171485484e-06
611,SELL,300.0,0.08769345510466416,1.9998927173983738,1.0,-3.2966754339519433e-06
612,SELL,600.0,0.014846837910611881,0.6135204448340671,1.0,-1.4158229849314652e-06
613,SELL,300.0,0.002343850466608672,0.013920402451385762,1.0,-7.935796234417738e-07
614,SELL,600.0,0.016573357507926104,0.6807796369588549,1.0,-1.7507425787370232e-06
615,SELL,120.0,0.021940484113882563,0.0794886310932098,1.0,-7.939866625519236e-07
616,SELL,120.0,0.08738708085942952,0.38254282323574923,1.0,-8.295506857005168e-07
617,SELL,600.0,0.018053489583321872,0.3946127562452706,1.0,-9.033038972482309e-07
618,SELL,120.0,0.0030172679429528565,0.002712391240868999,1.0,-7.935632497218202e-07
619,SELL,600.0,0.004124891532689707,0.12644764532795516,1.0,-1.0918459108294167e-06
620,BUY,600.0,0.15314908895000465,5.546872098154925,1.0,-3.2811717816117205e-06
621,BUY,120.0,0.06980452092426548,0.20978849195477728,1.0,-1.1145175034762715e-06
622,BUY,120.0,0.0012386053882313998,0.002929120483928376,1.0,-7.941329457768285e-07
623,SELL,300.0,0.014805273708051127,0.06612448766586244,1.0,-7.935808829825361e-07
624,BUY,600.0,0.001976554181253483,0.08209257894248469,1.0,-8.798205222580906e-07
625,BUY,120.0,0.004677060243235499,0.024195622714171625,1.0,-8.368828256186511e-07
626,SELL,600.0,0.0013410511052139831,0.0188507247377597,1.0,-1.0054681788034272e-06
627,SELL,120.0,0.014710163398185122,0.062076322166463256,1.0,-8.475971918200776e-07
628,BUY,120.0,0.008241716578226786,0.01858254384589101,1.0,-7.938353918654144e-07
629,BUY,300.0,0.003041154048447713,0.056229338038796456,1.0,-7.937824606840308e-07
630,SELL,600.0,0.0656971556632849,1.4760755290276344,1.0,-1.4050705307277306e-06
631,BUY,600.0,0.09916821148792514,2.750820870504022,1.0,-1.307634148122287e-06
632,SELL,600.0,0.0017427933449824014,0.08091066365329651,1.0,-1.1642590787766259e-06
633,BUY,120.0,0.007461878524155606,0.016727882137971068,1.0,-7.930836758937542e-07
634,BUY,300.0,0.04965718596813234,0.42257118910707353,1.0,-9.979691103157764e-07
635,BUY,120.0,0.011706874296183254,0.020306860507993314,1.0,-1.3855887272030584e-06
636,BUY,120.0,0.08190487306763183,0.3207602225003722,1.0,-7.941253780220652e-07
637,SELL,300.0,0.03287556275537463,0.4861594351180568,1.0,-8.92641993974305e-07
638,BUY,300.0,0.005964821523003802,0.04274535144526126,1.0,-7.938479956116295e-07
639,SELL,300.0,0.03041162482160588,0.5928978432284316,1.0,-2.2982569759449474e-06
640,BUY,120.0,0.06538181888026823,0.22924963779288093,1.0,-8.597597011777611e-07
641,BUY,600.0,0.006747112173950891,0.16528505437188415,1.0,-7.93650163743449e-07
642,SELL,600.0,0.008986369919425535,0.2490122211492481,1.0,-8.120245869798122e-07
643,BUY,600.0,0.05295361569427326,0.7646040146125823,1.0,-1.2735205889071317e-06
644,BUY,120.0,0.00448211862921904,0.029287380309004272,1.0,-7.933554890657304e-07
645,BUY,120.0,0.003380906058245175,0.029787722462349616,1.0,-7.940661028580701e-07
646,BUY,120.0,0.03052319136318124,0.06761735035595756,1.0,-7.939589253321598e-07
647,BUY,120.0,0.0010800653930623941,0.0059038893683155845,1.0,-7.935922189804403e-07
648,SELL,120.0,0.0078538074451664,0.01542196397095041,1.0,-7.933114326561499e-07
649,BUY,300.0,0.0052679652713648745,0.03535812408791648,1.0,-7.943474236956801e-07
650,SELL,120.0,0.015756503471961,0.10336925095470417,1.0,-7.935292450900453e-07
651,SELL,120.0,0.009316201808531047,0.05565262338835682,1.0,-7.940194455879612e-07
652,BUY,120.0,0.034438948158754236,1.0620852600679462,1.0,-1.3967295507915948e-06
653,BUY,600.0,0.03666986021996021,1.0985829032061034,1.0,-8.032890855567786e-07
654,SELL,600.0,0.020733286943997127,0.3377736177096827,1.0,-1.0306308753386484e-06
655,SELL,300.0,0.010680510004273195,0.10822411751270913,1.0,-7.937320566628239e-07
656,BUY,120.0,0.006181388056242086,0.0369826703494141,1.0,-7.935090955099737e-07
657,SELL,120.0,0.04625879990222829,0.1695755126277756,1.0,-9.730272384653999e-07
658,BUY,120.0,0.010507281334495397,0.015742042654183417,1.0,-7.931000297211289e-07
659,SELL,600.0,0.0013828480701538024,0.05493065575268474,1.0,-8.852749583123505e-07
660,SELL,600.0,0.14938832352238526,3.806121490163151,1.0,-1.1230529385819928e-06
661,SELL,300.0,0.009776717233014418,0.2051047311959135,1.0,-8.450177347469186e-07
662,SELL,600.0,0.11119138775788345,2.1223033429637943,1.0,-2.0085643993193664e-06
663,BUY,300.0,0.0043944719791863904,0.035380664906566196,1.0,-7.931704848367152e-07
664,SELL,120.0,0.0035795427042493604,0.0020705973629898907,1.0,-7.944673294978264e-07
665,BUY,120.0,0.05973291112762739,0.6459583118956459,1.0,-9.68355904060809e-07
666,SELL,600.0,0.05035747196566293,0.9517509630680567,1.0,-1.007560768787529e-06
667,BUY,600.0,0.1272144953292367,3.635485746699867,1.0,-1.8228975969172527e-06
668,BUY,120.0,0.009359765132830183,0.050643352597298276,1.0,-7.939135412093637e-07
669,BUY,600.0,0.014068502045490724,1.0031804794595407,1.0,-1.0997567525639165e-06
670,BUY,120.0,0.04421414598139349,0.24994380858649123,1.0,-3.0113103769249437e-06
671,SELL,300.0,0.006676960676332948,0.12830243757837526,1.0,-1.8735931010551042e-06
672,SELL,300.0,0.0011465831819152928,0.0053537851783861745,1.0,-7.94303257052474e-07
673,BUY,300.0,0.004006717347061448,0.04487745065768465,1.0,-7.934902063252361e-07
674,BUY,120.0,0.0011112681250044683,0.005147040479490085,1.0,-7.936161516196721e-07
675,SELL,120.0,0.009235498646678634,0.026371192541527158,1.0,-7.934209534422501e-07
676,BUY,300.0,0.03919304928026089,0.36570052597939384,1.0,-7.933101739192219e-07
677,BUY,120.0,0.001922103408726323,0.0028256637850050505,1.0,-7.936589821219007e-07
678,SELL,300.0,0.1331802293065826,2.0452973390202542,1.0,-1.2844703753312563e-06
679,BUY,300.0,0.004679696910353469,0.03842903213356175,1.0,-7.927718235878043e-07
680,BUY,600.0,0.0022197677731728284,0.10387016438189736,1.0,-8.126980610127689e-07
681,SELL,300.0,0.19409709479457463,1.3995099188351918,1.0,-1.586487235431572e-06
682,BUY,600.0,0.0016135621277686785,0.02574441088133683,1.0,-1.0169367999635243e-06
683,SELL,300.0,0.005605497334178666,0.08737922254392136,1.0,-7.9340836334167e-07
684,BUY,120.0,0.0010471448772386852,0.005346653957639617,1.0,-7.93632527509381e-07
685,BUY,300.0,0.016169714840191474,0.24078000491478196,1.0,-8.192072982002432e-07
686,BUY,300.0,0.0019832740579060386,0.024845695059547628,1.0,-7.937244966109864e-07
687,SELL,120.0,0.009145442542379013,0.11672818588018133,1.0,-7.941998000992032e-07
688,BUY,120.0,0.10871148804355114,0.6270051402079493,1.0,-2.6715044039879912e-06
689,SELL,120.0,0.09808803986045213,0.2554363070338341,1.0,-1.0974648870950181e-06
690,SELL,600.0,0.18931240455728562,4.421020996525231,1.0,-2.9129949868270617e-06
691,SELL,600.0,0.004360459376591681,0.07802939175126074,1.0,-7.938353918410314e-07
692,BUY,120.0,0.0011397096725615555,0.006765872558108608,1.0,-8.984592026266377e-07
693,SELL,120.0,0.0021538937198556174,0.017800289429831886,1.0,-1.3539373616858298e-06
694,SELL,300.0,0.1287762211934788,0.7576767336277103,1.0,-1.282793726987353e-06
695,BUY,120.0,0.007088059458189454,0.051009378812632275,1.0,-7.934511713266056e-07
696,SELL,300.0,0.0401124537336871,0.5397364216513364,1.0,-8.087637793920485e-07
697,SELL,120.0,0.00758715046065536,0.025022829483902744,1.0,-7.935947380317019e-07
698,BUY,300.0,0.007844477332352827,0.12546972029786066,1.0,-1.0235658890090316e-06
699,SELL,120.0,0.0015698795872995306,0.0091181990896466,1.0,-1.6347925531780522e-06
700,SELL,120.0,0.02056417011482135,0.17424215709662141,1.0,-7.935670282451705e-07
701,SELL,120.0,0.03953543576579464,0.1313460272937514,1.0,-7.936186710025722e-07
702,SELL,600.0,0.06436546002735578,0.9682103888835955,1.0,-8.534075777525284e-07
703,BUY,120.0,0.0013719089610827158,0.007237561699666681,1.0,-7.935481362255291e-07
704,BUY,120.0,0.018891274143070548,0.13694168519599648,1.0,-7.937055970252742e-07
705,SELL,120.0,0.03837240658798298,0.33437173221965194,1.0,-7.934410985536665e-07
706,SELL,600.0,0.19242613013593865,4.506726025050171,1.0,-4.672819832133105e-06
707,SELL,120.0,0.1615321241597233,1.2829093140435452,1.0,-8.171173962408628e-07
708,BUY,600.0,0.001862601098662775,0.062321593510402784,1.0,-9.341565252497878e-07
709,SELL,120.0,0.00242041584089096,0.0018085144717718642,1.0,-7.935279857385248e-07
710,BUY,120.0,0.0023326529648862527,0.009968164940001717,1.0,-7.930824178775865e-07
711,BUY,120.0,0.07694276108809843,0.16140429997094777,1.0,-7.933844431091438e-07
712,BUY,120.0,0.022589816662787438,0.08964429992602309,1.0,-7.934637628512976e-07
713,BUY,600.0,0.036402909232693736,0.5830615939210357,1.0,-8.10216381458893e-07
714,BUY,300.0,0.03048133855740532,0.48534874046283927,1.0,-8.499800253773487e-07
715,SELL,600.0,0.14105868035395436,3.212154934513156,1.0,-2.25282781081183e-06
716,SELL,300.0,0.1257259138418021,0.4663025998697805,1.0,-1.1258129335132396e-06
717,SELL,600.0,0.01894392595009118,0.3685798303975413,1.0,-8.768759605353916e-07
718,BUY,600.0,0.0028961680973746892,0.05916409534515435,1.0,-7.937622983288246e-07
719,BUY,300.0,0.0015276201099151678,0.013881422506004422,1.0,-8.918015396482085e-07
720,SELL,300.0,0.03881270707885166,0.23693733398107486,1.0,-1.099984149907299e-06
721,SELL,300.0,0.01904361258982463,0.08816670922340221,1.0,-8.204020764311909e-07
722,BUY,300.0,0.11966075444777795,2.8681965400536926,1.0,-2.249839420110505e-06
723,SELL,120.0,0.003013408414131351,0.008755536804194865,1.0,-7.936854386268853e-07
724,SELL,120.0,0.020173304470916784,0.20506274143411998,1.0,-7.940661028417307e-07
725,BUY,600.0,0.0728189061267245,2.9932577058119456,1.0,-1.5459893641620275e-06
726,SELL,600.0,0.006411664529006455,0.24672500325336405,1.0,-1.3357999939021818e-06
727,SELL,300.0,0.021777003802473646,0.4270377417201094,1.0,-7.952775693045262e-07
728,BUY,300.0,0.019066711424628836,0.17187612930747842,1.0,-7.936300080357692e-07
729,BUY,600.0,0.00840299298364155,0.16033650662430277,1.0,-9.464074877707973e-07
730,SELL,300.0,0.004602914028903513,0.06767796738161573,1.0,-1.0868437280704832e-06
731,SELL,600.0,0.004452464819279288,0.11595045288762691,1.0,-1.085328515392232e-06
732,SELL,300.0,0.00500297031768963,0.014278714183851009,1.0,-7.938366522248594e-07
733,SELL,600.0,0.0010026361536486462,0.024983575881601022,1.0,-8.469861244367887e-07
734,BUY,600.0,0.00292885313540477,0.06279340465641542,1.0,-7.934486531118449e-07
735,BUY,300.0,0.0017216550629003972,0.009281551897939501,1.0,-7.935405796318401e-07
736,SELL,600.0,0.0016822790611638345,0.056584801611820244,1.0,-7.941745706988258e-07
737,SELL,600.0,0.001151584419240803,0.030810098889966334,1.0,-1.2191497367621313e-06
738,SELL,120.0,0.004233933498424865,0.007577747486470199,1.0,-7.936678008842748e-07
739,BUY,600.0,0.018460243984066513,0.49823559255309174,1.0,-9.910666792070585e-07
740,SELL,600.0,0.007592915014869419,0.36783852667547373,1.0,-9.663840716572278e-07
741,SELL,300.0,0.023080674555803888,0.33121505924244843,1.0,-1.184857157670402e-06
742,SELL,120.0,0.013157077186800452,0.06430187513361754,1.0,-7.934108813548549e-07
743,SELL,300.0,0.19048355130795633,2.8174775767023084,1.0,-1.7702534235291016e-06
744,BUY,600.0,0.004251134047383403,0.16154294383187057,1.0,-8.36507529645741e-07
745,BUY,120.0,0.004149924992935858,0.004206386096570698,1.0,-7.93951361001706e-07
746,SELL,600.0,0.03369690763058564,0.7580348817899567,1.0,-8.15141089624606e-07
747,SELL,120.0,0.021157798094926013,0.08430873725510435,1.0,-3.7532167080351417e-06
748,BUY,600.0,0.10278298979618745,2.210809825920486,1.0,-9.495683093623345e-07
749,SELL,300.0,0.18607044034102135,1.9465025096641921,1.0,-9.732544124242596e-07
750,BUY,300.0,0.009783097547759821,0.12478393011210151,1.0,-8.212397329180907e-07
751,SELL,600.0,0.006783627685970869,0.1983985864623939,1.0,-2.665484837253946e-06
752,BUY,120.0,0.001121404441187511,0.002781725059517612,1.0,-1.7592194125602548e-06
753,SELL,600.0,0.027153270129555908,0.8544356306041222,1.0,-1.1894107829467325e-06
754,BUY,600.0,0.03330028531850977,0.8630489250606007,1.0,-1.2256833799129073e-06
755,BUY,300.0,0.001914123453812419,0.01874283641384725,1.0,-9.460814964603116e-07
756,SELL,120.0,0.006693598590291636,0.015611358045725165,1.0,-9.955716218445604e-07
757,SELL,120.0,0.015267454701256266,0.011575794875711495,1.0,-7.936803992405681e-07
758,SELL,120.0,0.12201358505477194,0.37923060966960226,1.0,-1.960305632520792e-06
759,SELL,300.0,0.05358382429990999,0.8006120053698919,1.0,-7.932057171313906e-07
760,BUY,600.0,0.001705375137555495,0.04139986943337595,1.0,-9.77354114278392e-07
761,BUY,600.0,0.004386022296353644,0.08057421127982596,1.0,-8.602316221561791e-07
762,BUY,120.0,0.018146141125618267,0.11210436347218893,1.0,-9.64507146052457e-07
763,SELL,300.0,0.0021943262735801623,0.024156270680366708,1.0,-2.0239950102316355e-06
764,SELL,600.0,0.04297583906215006,0.8673078471586111,1.0,-1.953227761668374e-06
765,SELL,600.0,0.09391714772500818,1.8544779614852356,1.0,-1.8231871643341149e-06
766,BUY,120.0,0.0060392054365398205,0.02682977933062397,1.0,-7.93456207942229e-07
767,SELL,120.0,0.13415984921809132,1.2284053702018063,1.0,-1.3797939495585567e-06
768,BUY,600.0,0.003146883612898332,0.09004006148899317,1.0,-8.029916045141682e-07
769,BUY,300.0,0.08830225126708154,1.4054584037430056,1.0,-1.1142507537324773e-06
770,BUY,600.0,0.13166164339694914,4.743694362851312,1.0,-1.8044264067608208e-06
771,BUY,600.0,0.010957713651674287,0.33060995341903854,1.0,-8.301975472088559e-07
772,BUY,600.0,0.013687569120266701,0.3867139998478578,1.0,-1.0548475632402614e-06
773,SELL,300.0,0.012849463246211508,0.2006859579137725,1.0,-3.9572852296396715e-06
774,BUY,300.0,0.06069338585773957,0.48268305542205486,1.0,-9.807896302923056e-07
775,BUY,600.0,0.06774875965782143,3.3398025391568362,1.0,-1.4868165668813973e-06
776,SELL,600.0,0.020506775180140414,0.5604760007741911,1.0,-1.1198577842936727e-06
777,SELL,120.0,0.02233624198998823,0.1560194880738319,1.0,-2.274682420631259e-06
778,BUY,600.0,0.030986538742050748,0.8250909790898937,1.0,-2.405277340588624e-06
779,SELL,300.0,0.08241944698811218,0.5612766064686587,1.0,-1.6021088700721169e-06
780,SELL,120.0,0.17457318513836625,0.299948631699125,1.0,-4.1923352216608215e-06
781,BUY,120.0,0.19106353269597143,0.7132592120027731,1.0,-7.938555579032319e-07
782,SELL,600.0,0.17470261132530096,6.2052675939504685,1.0,-2.298890788424235e-06
783,SELL,300.0,0.060008831409646315,0.6431814486854305,1.0,-1.3232438465230961e-06
784,BUY,600.0,0.14418052627272515,1.9887770245196594,1.0,-1.862116314302805e-06
785,BUY,120.0,0.023016009137135744,0.2803895692854145,1.0,-7.933202435559843e-07
786,BUY,300.0,0.14891412577933774,2.7922711799172726,1.0,-2.018077160629448e-06
787,SELL,600.0,0.16243907616087508,7.7777114124723905,1.0,-3.0332872269409713e-06
788,SELL,600.0,0.04821645331661028,0.6522988027302401,1.0,-8.222890275337384e-07
789,BUY,600.0,0.03030713659947611,0.8972924537516955,1.0,-9.078065051884293e-07
790,SELL,300.0,0.022688364937902862,0.32094206356702004,1.0,-1.2615787970745196e-06
791,SELL,300.0,0.0014549911315484539,0.02718349097862173,1.0,-1.357946233789285e-06
792,SELL,300.0,0.07890190567090734,1.6440221319326411,1.0,-3.5615904784616384e-06
793,SELL,600.0,0.0011682872591512073,0.05576854391968368,1.0,-1.0473550432164828e-06
794,BUY,120.0,0.006546292871842349,0.024745623867009483,1.0,-7.940787138502915e-07
795,SELL,300.0,0.1727200298352811,0.6486084261506959,1.0,-1.1093527449845835e-06
796,BUY,120.0,0.006987804556511486,0.012300068898592316,1.0,-7.929541268297929e-07
797,BUY,300.0,0.001479586779687312,0.009966411659933758,1.0,-7.939034565753423e-07
798,SELL,120.0,0.03177512479392002,0.260423388957269,1.0,-7.936602420211184e-07
799,SELL,300.0,0.011021262678812748,0.12306632590266174,1.0,-7.934776139933406e-07
