phi,normalised_impact,sem_iid,n,regime,variant,method,seed
0.05,0.00231754,0.000143171,3493,normal,current_run,local_runs,7
0.1,0.00334877,0.000173106,3493,normal,current_run,local_runs,7
0.15,0.00422595,0.00020672,3493,normal,current_run,local_runs,7
0.2,0.00499254,0.000223251,3493,normal,current_run,local_runs,7
0.25,0.00572017,0.000242873,3493,normal,current_run,local_runs,7
0.3,0.00642273,0.000260091,3493,normal,current_run,local_runs,7
0.35,0.00708623,0.000277697,3493,normal,current_run,local_runs,7
0.4,0.00786344,0.000299105,3493,normal,current_run,local_runs,7
0.45,0.00861781,0.00031896,3493,normal,current_run,local_runs,7
0.5,0.00940141,0.000335931,3493,normal,current_run,local_runs,7
0.55,0.0101788,0.000355427,3493,normal,current_run,local_runs,7
0.6,0.0110452,0.000376893,3493,normal,current_run,local_runs,7
0.65,0.0118835,0.000397377,3493,normal,current_run,local_runs,7
0.7,0.0127137,0.000414474,3493,normal,current_run,local_runs,7
0.75,0.0136324,0.000432788,3493,normal,current_run,local_runs,7
0.8,0.0146258,0.000454626,3493,normal,current_run,local_runs,7
0.85,0.0157567,0.000476352,3493,normal,current_run,local_runs,7
0.9,0.0172365,0.000501868,3493,normal,current_run,local_runs,7
0.95,0.0191272,0.000533799,3493,normal,current_run,local_runs,7
1,0.0259835,0.000629251,3493,normal,current_run,local_runs,7
0.05,0.00901718,0.000411995,12312,normal,random_n6,random_traders,7
0.1,0.0136015,0.000538893,12312,normal,random_n6,random_traders,7
0.15,0.0174615,0.000625149,12312,normal,random_n6,random_traders,7
0.2,0.0210646,0.000708506,12312,normal,random_n6,random_traders,7
0.25,0.0240562,0.000761432,12312,normal,random_n6,random_traders,7
0.3,0.0271931,0.000818836,12312,normal,random_n6,random_traders,7
0.35,0.0302185,0.000871461,12312,normal,random_n6,random_traders,7
0.4,0.0327154,0.000913892,12312,normal,random_n6,random_traders,7
0.45,0.0351563,0.000954325,12312,normal,random_n6,random_traders,7
0.5,0.0377935,0.00100003,12312,normal,random_n6,random_traders,7
0.55,0.0405511,0.0010445,12312,normal,random_n6,random_traders,7
0.6,0.0434962,0.00109714,12312,normal,random_n6,random_traders,7
0.65,0.0462484,0.00114192,12312,normal,random_n6,random_traders,7
0.7,0.0492862,0.00118621,12312,normal,random_n6,random_traders,7
0.75,0.0527463,0.0012351,12312,normal,random_n6,random_traders,7
0.8,0.0563162,0.00128675,12312,normal,random_n6,random_traders,7
0.85,0.0603759,0.00134308,12312,normal,random_n6,random_traders,7
0.9,0.0651499,0.00141626,12312,normal,random_n6,random_traders,7
0.95,0.0718195,0.00150827,12312,normal,random_n6,random_traders,7
1,0.0934691,0.00172879,12312,normal,random_n6,random_traders,7
0.05,0.0093553,0.000427306,12446,normal,random_n6,random_traders,23
0.1,0.0138034,0.000556295,12446,normal,random_n6,random_traders,23
0.15,0.0172058,0.00064108,12446,normal,random_n6,random_traders,23
0.2,0.0202582,0.00070975,12446,normal,random_n6,random_traders,23
0.25,0.0232205,0.000777136,12446,normal,random_n6,random_traders,23
0.3,0.0261289,0.000832653,12446,normal,random_n6,random_traders,23
0.35,0.0289935,0.000882037,12446,normal,random_n6,random_traders,23
0.4,0.0316482,0.000929409,12446,normal,random_n6,random_traders,23
0.45,0.0343756,0.000978386,12446,normal,random_n6,random_traders,23
0.5,0.0370622,0.00102257,12446,normal,random_n6,random_traders,23
0.55,0.0401986,0.00107741,12446,normal,random_n6,random_traders,23
0.6,0.0433771,0.00112633,12446,normal,random_n6,random_traders,23
0.65,0.0463982,0.00117719,12446,normal,random_n6,random_traders,23
0.7,0.0495407,0.00122287,12446,normal,random_n6,random_traders,23
0.75,0.0531719,0.00127855,12446,normal,random_n6,random_traders,23
0.8,0.0566989,0.00133356,12446,normal,random_n6,random_traders,23
0.85,0.0611074,0.00138982,12446,normal,random_n6,random_traders,23
0.9,0.0668378,0.00145912,12446,normal,random_n6,random_traders,23
0.95,0.0746309,0.00154787,12446,normal,random_n6,random_traders,23
1,0.0982728,0.00178512,12446,normal,random_n6,random_traders,23
0.05,0.00900239,0.000455762,12480,normal,random_n6,random_traders,71
0.1,0.013763,0.000586953,12480,normal,random_n6,random_traders,71
0.15,0.0174994,0.000681805,12480,normal,random_n6,random_traders,71
0.2,0.0209696,0.000759668,12480,normal,random_n6,random_traders,71
0.25,0.0242176,0.000825889,12480,normal,random_n6,random_traders,71
0.3,0.0270926,0.000889316,12480,normal,random_n6,random_traders,71
0.35,0.0298217,0.000942763,12480,normal,random_n6,random_traders,71
0.4,0.0330369,0.000997871,12480,normal,random_n6,random_traders,71
0.45,0.0360312,0.00105548,12480,normal,random_n6,random_traders,71
0.5,0.0389849,0.00110624,12480,normal,random_n6,random_traders,71
0.55,0.0421429,0.00115652,12480,normal,random_n6,random_traders,71
0.6,0.0453485,0.00120492,12480,normal,random_n6,random_traders,71
0.65,0.0485645,0.00125529,12480,normal,random_n6,random_traders,71
0.7,0.0520721,0.00130626,12480,normal,random_n6,random_traders,71
0.75,0.0557438,0.00135431,12480,normal,random_n6,random_traders,71
0.8,0.059684,0.00140991,12480,normal,random_n6,random_traders,71
0.85,0.0642739,0.00147328,12480,normal,random_n6,random_traders,71
0.9,0.0693514,0.00155336,12480,normal,random_n6,random_traders,71
0.95,0.0765947,0.00164159,12480,normal,random_n6,random_traders,71
1,0.100855,0.00186577,12480,normal,random_n6,random_traders,71
0.05,0.000568156,0.000700163,469,normal,maitrier_threshold,time_threshold,7
0.1,0.000769104,0.000846061,469,normal,maitrier_threshold,time_threshold,7
0.15,0.00117871,0.000932988,469,normal,maitrier_threshold,time_threshold,7
0.2,0.00123009,0.00102826,469,normal,maitrier_threshold,time_threshold,7
0.25,0.00175824,0.00113885,469,normal,maitrier_threshold,time_threshold,7
0.3,0.00248041,0.00120227,469,normal,maitrier_threshold,time_threshold,7
0.35,0.00282222,0.00126908,469,normal,maitrier_threshold,time_threshold,7
0.4,0.00311624,0.00133356,469,normal,maitrier_threshold,time_threshold,7
0.45,0.00318808,0.00138326,469,normal,maitrier_threshold,time_threshold,7
0.5,0.00375001,0.00153238,469,normal,maitrier_threshold,time_threshold,7
0.55,0.00512247,0.00211596,469,normal,maitrier_threshold,time_threshold,7
0.6,0.00538389,0.00217043,469,normal,maitrier_threshold,time_threshold,7
0.65,0.00510538,0.00226138,469,normal,maitrier_threshold,time_threshold,7
0.7,0.00521166,0.00234222,469,normal,maitrier_threshold,time_threshold,7
0.75,0.00551767,0.00239258,469,normal,maitrier_threshold,time_threshold,7
0.8,0.00570161,0.00245104,469,normal,maitrier_threshold,time_threshold,7
0.85,0.00648801,0.00251377,469,normal,maitrier_threshold,time_threshold,7
0.9,0.00755973,0.00260066,469,normal,maitrier_threshold,time_threshold,7
0.95,0.0088349,0.00270933,469,normal,maitrier_threshold,time_threshold,7
1,0.0136752,0.00292443,469,normal,maitrier_threshold,time_threshold,7
0.05,0.00233144,0.000865885,473,normal,maitrier_threshold,time_threshold,23
0.1,0.00282647,0.00109394,473,normal,maitrier_threshold,time_threshold,23
0.15,0.00293308,0.00116627,473,normal,maitrier_threshold,time_threshold,23
0.2,0.00331634,0.00125627,473,normal,maitrier_threshold,time_threshold,23
0.25,0.00377027,0.00134845,473,normal,maitrier_threshold,time_threshold,23
0.3,0.00500079,0.00147366,473,normal,maitrier_threshold,time_threshold,23
0.35,0.00588244,0.00161612,473,normal,maitrier_threshold,time_threshold,23
0.4,0.00693616,0.00173596,473,normal,maitrier_threshold,time_threshold,23
0.45,0.00740596,0.00179969,473,normal,maitrier_threshold,time_threshold,23
0.5,0.00770488,0.00185345,473,normal,maitrier_threshold,time_threshold,23
0.55,0.00838386,0.00192551,473,normal,maitrier_threshold,time_threshold,23
0.6,0.00916101,0.00200193,473,normal,maitrier_threshold,time_threshold,23
0.65,0.00973632,0.00206708,473,normal,maitrier_threshold,time_threshold,23
0.7,0.0102058,0.00213364,473,normal,maitrier_threshold,time_threshold,23
0.75,0.01104,0.00222169,473,normal,maitrier_threshold,time_threshold,23
0.8,0.0115479,0.00231779,473,normal,maitrier_threshold,time_threshold,23
0.85,0.0121331,0.00236123,473,normal,maitrier_threshold,time_threshold,23
0.9,0.0126706,0.0024075,473,normal,maitrier_threshold,time_threshold,23
0.95,0.015154,0.00256619,473,normal,maitrier_threshold,time_threshold,23
1,0.0216267,0.00307241,473,normal,maitrier_threshold,time_threshold,23
0.05,5.84656e-05,0.00121104,490,normal,maitrier_threshold,time_threshold,71
0.1,0.000210607,0.00164881,490,normal,maitrier_threshold,time_threshold,71
0.15,-0.000753671,0.00217915,490,normal,maitrier_threshold,time_threshold,71
0.2,-0.000452285,0.00229764,490,normal,maitrier_threshold,time_threshold,71
0.25,0.000400185,0.00232266,490,normal,maitrier_threshold,time_threshold,71
0.3,0.00152342,0.00234849,490,normal,maitrier_threshold,time_threshold,71
0.35,0.00252064,0.00236782,490,normal,maitrier_threshold,time_threshold,71
0.4,0.00385236,0.00240563,490,normal,maitrier_threshold,time_threshold,71
0.45,0.00488612,0.00244969,490,normal,maitrier_threshold,time_threshold,71
0.5,0.00664056,0.00253954,490,normal,maitrier_threshold,time_threshold,71
0.55,0.00802594,0.00264904,490,normal,maitrier_threshold,time_threshold,71
0.6,0.00947828,0.00275021,490,normal,maitrier_threshold,time_threshold,71
0.65,0.0106847,0.00283992,490,normal,maitrier_threshold,time_threshold,71
0.7,0.0123355,0.00290556,490,normal,maitrier_threshold,time_threshold,71
0.75,0.0125665,0.00306078,490,normal,maitrier_threshold,time_threshold,71
0.8,0.0138361,0.00314292,490,normal,maitrier_threshold,time_threshold,71
0.85,0.0151543,0.00323208,490,normal,maitrier_threshold,time_threshold,71
0.9,0.0165985,0.00331764,490,normal,maitrier_threshold,time_threshold,71
0.95,0.0189825,0.00347316,490,normal,maitrier_threshold,time_threshold,71
1,0.0255304,0.00400071,490,normal,maitrier_threshold,time_threshold,71
0.05,0.00218398,0.000133825,4589,stress,current_run,local_runs,7
0.1,0.00342451,0.000173729,4589,stress,current_run,local_runs,7
0.15,0.00430748,0.000196309,4589,stress,current_run,local_runs,7
0.2,0.00522408,0.000217313,4589,stress,current_run,local_runs,7
0.25,0.00601259,0.000236078,4589,stress,current_run,local_runs,7
0.3,0.0068045,0.000254962,4589,stress,current_run,local_runs,7
0.35,0.007611,0.00027104,4589,stress,current_run,local_runs,7
0.4,0.00839214,0.00028732,4589,stress,current_run,local_runs,7
0.45,0.0093132,0.00030659,4589,stress,current_run,local_runs,7
0.5,0.0102275,0.000320971,4589,stress,current_run,local_runs,7
0.55,0.0110925,0.000334141,4589,stress,current_run,local_runs,7
0.6,0.0120495,0.000348809,4589,stress,current_run,local_runs,7
0.65,0.0129523,0.00036421,4589,stress,current_run,local_runs,7
0.7,0.0140449,0.000382912,4589,stress,current_run,local_runs,7
0.75,0.0151487,0.000401051,4589,stress,current_run,local_runs,7
0.8,0.0164015,0.000420705,4589,stress,current_run,local_runs,7
0.85,0.0179297,0.000442334,4589,stress,current_run,local_runs,7
0.9,0.0198431,0.000470922,4589,stress,current_run,local_runs,7
0.95,0.0223428,0.000503473,4589,stress,current_run,local_runs,7
1,0.0313768,0.000582685,4589,stress,current_run,local_runs,7
0.05,0.00833575,0.000302176,15139,stress,random_n6,random_traders,7
0.1,0.0124828,0.000391167,15139,stress,random_n6,random_traders,7
0.15,0.0160295,0.000456209,15139,stress,random_n6,random_traders,7
0.2,0.0188929,0.000502792,15139,stress,random_n6,random_traders,7
0.25,0.0217036,0.000547126,15139,stress,random_n6,random_traders,7
0.3,0.024209,0.000586348,15139,stress,random_n6,random_traders,7
0.35,0.0269023,0.000623284,15139,stress,random_n6,random_traders,7
0.4,0.0294459,0.000656474,15139,stress,random_n6,random_traders,7
0.45,0.0319252,0.000690206,15139,stress,random_n6,random_traders,7
0.5,0.0344074,0.000722585,15139,stress,random_n6,random_traders,7
0.55,0.0370137,0.000755108,15139,stress,random_n6,random_traders,7
0.6,0.0395545,0.00078472,15139,stress,random_n6,random_traders,7
0.65,0.0422051,0.000819203,15139,stress,random_n6,random_traders,7
0.7,0.0449228,0.000852322,15139,stress,random_n6,random_traders,7
0.75,0.0478317,0.000883039,15139,stress,random_n6,random_traders,7
0.8,0.0509523,0.000920948,15139,stress,random_n6,random_traders,7
0.85,0.0546838,0.000965533,15139,stress,random_n6,random_traders,7
0.9,0.0593157,0.00101376,15139,stress,random_n6,random_traders,7
0.95,0.0655612,0.00106978,15139,stress,random_n6,random_traders,7
1,0.085794,0.0012043,15139,stress,random_n6,random_traders,7
0.05,0.00932824,0.000351849,15264,stress,random_n6,random_traders,23
0.1,0.0137191,0.000446577,15264,stress,random_n6,random_traders,23
0.15,0.0176157,0.00051721,15264,stress,random_n6,random_traders,23
0.2,0.0207923,0.000574031,15264,stress,random_n6,random_traders,23
0.25,0.0236595,0.000618476,15264,stress,random_n6,random_traders,23
0.3,0.0263622,0.000664365,15264,stress,random_n6,random_traders,23
0.35,0.0290589,0.000705992,15264,stress,random_n6,random_traders,23
0.4,0.0318247,0.000746453,15264,stress,random_n6,random_traders,23
0.45,0.0346714,0.000789275,15264,stress,random_n6,random_traders,23
0.5,0.0374657,0.000825041,15264,stress,random_n6,random_traders,23
0.55,0.0402331,0.0008583,15264,stress,random_n6,random_traders,23
0.6,0.0431162,0.000890285,15264,stress,random_n6,random_traders,23
0.65,0.0461317,0.000923645,15264,stress,random_n6,random_traders,23
0.7,0.0491652,0.000956924,15264,stress,random_n6,random_traders,23
0.75,0.0522875,0.00099248,15264,stress,random_n6,random_traders,23
0.8,0.0557726,0.00103135,15264,stress,random_n6,random_traders,23
0.85,0.0600009,0.00107275,15264,stress,random_n6,random_traders,23
0.9,0.0653847,0.00112563,15264,stress,random_n6,random_traders,23
0.95,0.0726676,0.00118989,15264,stress,random_n6,random_traders,23
1,0.0948835,0.00136474,15264,stress,random_n6,random_traders,23
0.05,0.00846143,0.000315999,15196,stress,random_n6,random_traders,71
0.1,0.0127693,0.000406848,15196,stress,random_n6,random_traders,71
0.15,0.0163711,0.000470059,15196,stress,random_n6,random_traders,71
0.2,0.0193983,0.000524051,15196,stress,random_n6,random_traders,71
0.25,0.0220093,0.000569224,15196,stress,random_n6,random_traders,71
0.3,0.0246616,0.000604842,15196,stress,random_n6,random_traders,71
0.35,0.0271405,0.000641086,15196,stress,random_n6,random_traders,71
0.4,0.0297781,0.000677469,15196,stress,random_n6,random_traders,71
0.45,0.0324555,0.000713029,15196,stress,random_n6,random_traders,71
0.5,0.0352101,0.000744422,15196,stress,random_n6,random_traders,71
0.55,0.0379618,0.000781983,15196,stress,random_n6,random_traders,71
0.6,0.0407424,0.00081715,15196,stress,random_n6,random_traders,71
0.65,0.0435592,0.000852695,15196,stress,random_n6,random_traders,71
0.7,0.0465929,0.000889928,15196,stress,random_n6,random_traders,71
0.75,0.0496163,0.000923679,15196,stress,random_n6,random_traders,71
0.8,0.052917,0.00096653,15196,stress,random_n6,random_traders,71
0.85,0.0567691,0.00101083,15196,stress,random_n6,random_traders,71
0.9,0.0614986,0.00106012,15196,stress,random_n6,random_traders,71
0.95,0.0678884,0.0011144,15196,stress,random_n6,random_traders,71
1,0.0889319,0.00126136,15196,stress,random_n6,random_traders,71
0.05,0.00170809,0.000523179,607,stress,maitrier_threshold,time_threshold,7
0.1,0.00267251,0.0006696,607,stress,maitrier_threshold,time_threshold,7
0.15,0.00320979,0.000818725,607,stress,maitrier_threshold,time_threshold,7
0.2,0.00409373,0.000967385,607,stress,maitrier_threshold,time_threshold,7
0.25,0.0050409,0.00110527,607,stress,maitrier_threshold,time_threshold,7
0.3,0.00572537,0.00120212,607,stress,maitrier_threshold,time_threshold,7
0.35,0.00636587,0.00127221,607,stress,maitrier_threshold,time_threshold,7
0.4,0.00744317,0.00146279,607,stress,maitrier_threshold,time_threshold,7
0.45,0.00805208,0.00149945,607,stress,maitrier_threshold,time_threshold,7
0.5,0.00876151,0.00158271,607,stress,maitrier_threshold,time_threshold,7
0.55,0.00936571,0.00165079,607,stress,maitrier_threshold,time_threshold,7
0.6,0.0097959,0.00170556,607,stress,maitrier_threshold,time_threshold,7
0.65,0.0105283,0.00176147,607,stress,maitrier_threshold,time_threshold,7
0.7,0.0113288,0.00181591,607,stress,maitrier_threshold,time_threshold,7
0.75,0.0120121,0.00188207,607,stress,maitrier_threshold,time_threshold,7
0.8,0.0132464,0.00193863,607,stress,maitrier_threshold,time_threshold,7
0.85,0.0142142,0.00202444,607,stress,maitrier_threshold,time_threshold,7
0.9,0.0145248,0.00210029,607,stress,maitrier_threshold,time_threshold,7
0.95,0.0162252,0.00219782,607,stress,maitrier_threshold,time_threshold,7
1,0.0209532,0.00250842,607,stress,maitrier_threshold,time_threshold,7
0.05,0.00162221,0.000826491,661,stress,maitrier_threshold,time_threshold,23
0.1,0.00194572,0.00107972,661,stress,maitrier_threshold,time_threshold,23
0.15,0.00267192,0.00121419,661,stress,maitrier_threshold,time_threshold,23
0.2,0.00328264,0.00131109,661,stress,maitrier_threshold,time_threshold,23
0.25,0.00379341,0.00140698,661,stress,maitrier_threshold,time_threshold,23
0.3,0.00397826,0.00166393,661,stress,maitrier_threshold,time_threshold,23
0.35,0.00443739,0.00181068,661,stress,maitrier_threshold,time_threshold,23
0.4,0.00522662,0.00195421,661,stress,maitrier_threshold,time_threshold,23
0.45,0.00568947,0.00202849,661,stress,maitrier_threshold,time_threshold,23
0.5,0.00637531,0.00212141,661,stress,maitrier_threshold,time_threshold,23
0.55,0.00714017,0.00222705,661,stress,maitrier_threshold,time_threshold,23
0.6,0.00750228,0.00234708,661,stress,maitrier_threshold,time_threshold,23
0.65,0.00803411,0.00240623,661,stress,maitrier_threshold,time_threshold,23
0.7,0.00880952,0.0024435,661,stress,maitrier_threshold,time_threshold,23
0.75,0.00968183,0.00250458,661,stress,maitrier_threshold,time_threshold,23
0.8,0.0107698,0.00257025,661,stress,maitrier_threshold,time_threshold,23
0.85,0.0122599,0.00265015,661,stress,maitrier_threshold,time_threshold,23
0.9,0.0139384,0.00273984,661,stress,maitrier_threshold,time_threshold,23
0.95,0.0177444,0.00295908,661,stress,maitrier_threshold,time_threshold,23
1,0.0255266,0.003272,661,stress,maitrier_threshold,time_threshold,23
0.05,4.44811e-05,2.07914e-05,634,stress,maitrier_threshold,time_threshold,71
0.1,5.42269e-05,2.15459e-05,634,stress,maitrier_threshold,time_threshold,71
0.15,4.81812e-05,2.48448e-05,634,stress,maitrier_threshold,time_threshold,71
0.2,4.85062e-05,2.54309e-05,634,stress,maitrier_threshold,time_threshold,71
0.25,5.22235e-05,2.61059e-05,634,stress,maitrier_threshold,time_threshold,71
0.3,5.17012e-05,2.69162e-05,634,stress,maitrier_threshold,time_threshold,71
0.35,5.35421e-05,2.72707e-05,634,stress,maitrier_threshold,time_threshold,71
0.4,6.18166e-05,2.79556e-05,634,stress,maitrier_threshold,time_threshold,71
0.45,6.94851e-05,2.86391e-05,634,stress,maitrier_threshold,time_threshold,71
0.5,7.59027e-05,2.91197e-05,634,stress,maitrier_threshold,time_threshold,71
0.55,8.06282e-05,2.97179e-05,634,stress,maitrier_threshold,time_threshold,71
0.6,8.69156e-05,3.03562e-05,634,stress,maitrier_threshold,time_threshold,71
0.65,9.17755e-05,3.09664e-05,634,stress,maitrier_threshold,time_threshold,71
0.7,0.000101507,3.18407e-05,634,stress,maitrier_threshold,time_threshold,71
0.75,0.000109816,3.27891e-05,634,stress,maitrier_threshold,time_threshold,71
0.8,0.000114633,3.36368e-05,634,stress,maitrier_threshold,time_threshold,71
0.85,0.000115743,3.39775e-05,634,stress,maitrier_threshold,time_threshold,71
0.9,0.000128761,3.5102e-05,634,stress,maitrier_threshold,time_threshold,71
0.95,0.000144842,3.62383e-05,634,stress,maitrier_threshold,time_threshold,71
1,0.000244236,4.29718e-05,634,stress,maitrier_threshold,time_threshold,71
