z,normalised_impact,sem_iid,n,n_before_complete_filter,regime,variant,method,seed
1,0.026622,0.000813043,2406,2410,normal,current_run,local_runs,7
1.04167,0.0334699,0.000927911,2406,2410,normal,current_run,local_runs,7
1.08333,0.0335599,0.000927321,2406,2410,normal,current_run,local_runs,7
1.125,0.0335484,0.000927829,2406,2410,normal,current_run,local_runs,7
1.16667,0.0336247,0.000934636,2406,2410,normal,current_run,local_runs,7
1.20833,0.0335411,0.000932584,2406,2410,normal,current_run,local_runs,7
1.25,0.0334659,0.000936337,2406,2410,normal,current_run,local_runs,7
1.29167,0.0334337,0.000938037,2406,2410,normal,current_run,local_runs,7
1.33333,0.0333872,0.0009408,2406,2410,normal,current_run,local_runs,7
1.375,0.0333586,0.000944272,2406,2410,normal,current_run,local_runs,7
1.41667,0.0333474,0.000944731,2406,2410,normal,current_run,local_runs,7
1.45833,0.0333657,0.000946889,2406,2410,normal,current_run,local_runs,7
1.5,0.0332503,0.000957589,2406,2410,normal,current_run,local_runs,7
1.54167,0.0332556,0.000957862,2406,2410,normal,current_run,local_runs,7
1.58333,0.0331714,0.000957343,2406,2410,normal,current_run,local_runs,7
1.625,0.03324,0.000961009,2406,2410,normal,current_run,local_runs,7
1.66667,0.0332093,0.000965148,2406,2410,normal,current_run,local_runs,7
1.70833,0.033344,0.000967182,2406,2410,normal,current_run,local_runs,7
1.75,0.0334371,0.000970114,2406,2410,normal,current_run,local_runs,7
1.79167,0.0335126,0.000972982,2406,2410,normal,current_run,local_runs,7
1.83333,0.0335942,0.0009746,2406,2410,normal,current_run,local_runs,7
1.875,0.0335605,0.000975325,2406,2410,normal,current_run,local_runs,7
1.91667,0.0336842,0.000979389,2406,2410,normal,current_run,local_runs,7
1.95833,0.0337048,0.00098208,2406,2410,normal,current_run,local_runs,7
2,0.0337627,0.000985074,2406,2410,normal,current_run,local_runs,7
1,0.0775524,0.00129405,19933,19976,normal,random_n6,random_traders,7
1.04167,0.092654,0.00138499,19933,19976,normal,random_n6,random_traders,7
1.08333,0.0915817,0.00141171,19933,19976,normal,random_n6,random_traders,7
1.125,0.090428,0.00143774,19933,19976,normal,random_n6,random_traders,7
1.16667,0.0888866,0.00146825,19933,19976,normal,random_n6,random_traders,7
1.20833,0.0876696,0.00148906,19933,19976,normal,random_n6,random_traders,7
1.25,0.0865886,0.00150884,19933,19976,normal,random_n6,random_traders,7
1.29167,0.0852745,0.00153309,19933,19976,normal,random_n6,random_traders,7
1.33333,0.0837025,0.00155978,19933,19976,normal,random_n6,random_traders,7
1.375,0.0828682,0.00158603,19933,19976,normal,random_n6,random_traders,7
1.41667,0.0825875,0.0016108,19933,19976,normal,random_n6,random_traders,7
1.45833,0.0817451,0.0016282,19933,19976,normal,random_n6,random_traders,7
1.5,0.0811628,0.0016502,19933,19976,normal,random_n6,random_traders,7
1.54167,0.0809261,0.00167807,19933,19976,normal,random_n6,random_traders,7
1.58333,0.0805521,0.00170586,19933,19976,normal,random_n6,random_traders,7
1.625,0.080042,0.0017327,19933,19976,normal,random_n6,random_traders,7
1.66667,0.0796006,0.00175153,19933,19976,normal,random_n6,random_traders,7
1.70833,0.0792748,0.00177111,19933,19976,normal,random_n6,random_traders,7
1.75,0.0787359,0.00179241,19933,19976,normal,random_n6,random_traders,7
1.79167,0.0785534,0.00181929,19933,19976,normal,random_n6,random_traders,7
1.83333,0.0784679,0.00184501,19933,19976,normal,random_n6,random_traders,7
1.875,0.0780034,0.00186801,19933,19976,normal,random_n6,random_traders,7
1.91667,0.0777298,0.00188522,19933,19976,normal,random_n6,random_traders,7
1.95833,0.07721,0.00190332,19933,19976,normal,random_n6,random_traders,7
2,0.0770766,0.00192153,19933,19976,normal,random_n6,random_traders,7
1,0.0820906,0.00135576,19822,19868,normal,random_n6,random_traders,23
1.04167,0.0970328,0.0014504,19822,19868,normal,random_n6,random_traders,23
1.08333,0.0959806,0.00148485,19822,19868,normal,random_n6,random_traders,23
1.125,0.0947912,0.00151149,19822,19868,normal,random_n6,random_traders,23
1.16667,0.0935728,0.00153836,19822,19868,normal,random_n6,random_traders,23
1.20833,0.0924186,0.0015695,19822,19868,normal,random_n6,random_traders,23
1.25,0.0911358,0.00159895,19822,19868,normal,random_n6,random_traders,23
1.29167,0.0900537,0.0016298,19822,19868,normal,random_n6,random_traders,23
1.33333,0.0885925,0.0016491,19822,19868,normal,random_n6,random_traders,23
1.375,0.0872957,0.00167791,19822,19868,normal,random_n6,random_traders,23
1.41667,0.0861289,0.00170598,19822,19868,normal,random_n6,random_traders,23
1.45833,0.0853437,0.0017319,19822,19868,normal,random_n6,random_traders,23
1.5,0.0850319,0.00176171,19822,19868,normal,random_n6,random_traders,23
1.54167,0.0845225,0.001788,19822,19868,normal,random_n6,random_traders,23
1.58333,0.0834929,0.00180594,19822,19868,normal,random_n6,random_traders,23
1.625,0.0828848,0.00183644,19822,19868,normal,random_n6,random_traders,23
1.66667,0.0823629,0.00185845,19822,19868,normal,random_n6,random_traders,23
1.70833,0.0819106,0.00188114,19822,19868,normal,random_n6,random_traders,23
1.75,0.0816031,0.00190311,19822,19868,normal,random_n6,random_traders,23
1.79167,0.0808377,0.00192453,19822,19868,normal,random_n6,random_traders,23
1.83333,0.0805972,0.00194396,19822,19868,normal,random_n6,random_traders,23
1.875,0.080154,0.00196512,19822,19868,normal,random_n6,random_traders,23
1.91667,0.0801185,0.00199125,19822,19868,normal,random_n6,random_traders,23
1.95833,0.0796946,0.00200928,19822,19868,normal,random_n6,random_traders,23
2,0.0791336,0.00202446,19822,19868,normal,random_n6,random_traders,23
1,0.0849773,0.00141274,19941,19980,normal,random_n6,random_traders,71
1.04167,0.101025,0.00150778,19941,19980,normal,random_n6,random_traders,71
1.08333,0.100562,0.00153769,19941,19980,normal,random_n6,random_traders,71
1.125,0.0997473,0.00156893,19941,19980,normal,random_n6,random_traders,71
1.16667,0.098319,0.00159925,19941,19980,normal,random_n6,random_traders,71
1.20833,0.0971422,0.00163166,19941,19980,normal,random_n6,random_traders,71
1.25,0.0957932,0.00165629,19941,19980,normal,random_n6,random_traders,71
1.29167,0.0948823,0.0016831,19941,19980,normal,random_n6,random_traders,71
1.33333,0.0940803,0.0017199,19941,19980,normal,random_n6,random_traders,71
1.375,0.0932121,0.00174366,19941,19980,normal,random_n6,random_traders,71
1.41667,0.0921968,0.00176808,19941,19980,normal,random_n6,random_traders,71
1.45833,0.0915693,0.00180432,19941,19980,normal,random_n6,random_traders,71
1.5,0.0907108,0.00184309,19941,19980,normal,random_n6,random_traders,71
1.54167,0.0903993,0.00186797,19941,19980,normal,random_n6,random_traders,71
1.58333,0.0896627,0.00189396,19941,19980,normal,random_n6,random_traders,71
1.625,0.0891112,0.00193101,19941,19980,normal,random_n6,random_traders,71
1.66667,0.0881847,0.00195873,19941,19980,normal,random_n6,random_traders,71
1.70833,0.0879986,0.00198425,19941,19980,normal,random_n6,random_traders,71
1.75,0.0877659,0.00200772,19941,19980,normal,random_n6,random_traders,71
1.79167,0.0870742,0.00203473,19941,19980,normal,random_n6,random_traders,71
1.83333,0.0867117,0.00205448,19941,19980,normal,random_n6,random_traders,71
1.875,0.0865189,0.00207499,19941,19980,normal,random_n6,random_traders,71
1.91667,0.0862723,0.00210526,19941,19980,normal,random_n6,random_traders,71
1.95833,0.0857544,0.00212821,19941,19980,normal,random_n6,random_traders,71
2,0.0858378,0.00214923,19941,19980,normal,random_n6,random_traders,71
1,0.0126434,0.00121721,1692,1694,normal,maitrier_threshold,time_threshold,7
1.04167,0.0182117,0.00130412,1692,1694,normal,maitrier_threshold,time_threshold,7
1.08333,0.018421,0.00132392,1692,1694,normal,maitrier_threshold,time_threshold,7
1.125,0.018578,0.00134693,1692,1694,normal,maitrier_threshold,time_threshold,7
1.16667,0.0183835,0.00136531,1692,1694,normal,maitrier_threshold,time_threshold,7
1.20833,0.0184212,0.00138292,1692,1694,normal,maitrier_threshold,time_threshold,7
1.25,0.0183983,0.0013925,1692,1694,normal,maitrier_threshold,time_threshold,7
1.29167,0.0186145,0.00141872,1692,1694,normal,maitrier_threshold,time_threshold,7
1.33333,0.0187835,0.00143116,1692,1694,normal,maitrier_threshold,time_threshold,7
1.375,0.0191742,0.00143658,1692,1694,normal,maitrier_threshold,time_threshold,7
1.41667,0.0192818,0.00145651,1692,1694,normal,maitrier_threshold,time_threshold,7
1.45833,0.0193075,0.00145973,1692,1694,normal,maitrier_threshold,time_threshold,7
1.5,0.0192443,0.00146877,1692,1694,normal,maitrier_threshold,time_threshold,7
1.54167,0.0191471,0.0014735,1692,1694,normal,maitrier_threshold,time_threshold,7
1.58333,0.0191951,0.0015079,1692,1694,normal,maitrier_threshold,time_threshold,7
1.625,0.0192038,0.00152672,1692,1694,normal,maitrier_threshold,time_threshold,7
1.66667,0.0193347,0.00154342,1692,1694,normal,maitrier_threshold,time_threshold,7
1.70833,0.0194143,0.00156135,1692,1694,normal,maitrier_threshold,time_threshold,7
1.75,0.0194714,0.0015663,1692,1694,normal,maitrier_threshold,time_threshold,7
1.79167,0.0195446,0.00158285,1692,1694,normal,maitrier_threshold,time_threshold,7
1.83333,0.019557,0.00160476,1692,1694,normal,maitrier_threshold,time_threshold,7
1.875,0.0196911,0.00161315,1692,1694,normal,maitrier_threshold,time_threshold,7
1.91667,0.0196387,0.00161482,1692,1694,normal,maitrier_threshold,time_threshold,7
1.95833,0.0197274,0.00163018,1692,1694,normal,maitrier_threshold,time_threshold,7
2,0.0197096,0.00165,1692,1694,normal,maitrier_threshold,time_threshold,7
1,0.0163244,0.00133831,1649,1649,normal,maitrier_threshold,time_threshold,23
1.04167,0.022388,0.00148428,1649,1649,normal,maitrier_threshold,time_threshold,23
1.08333,0.0225163,0.00150083,1649,1649,normal,maitrier_threshold,time_threshold,23
1.125,0.0224303,0.00149377,1649,1649,normal,maitrier_threshold,time_threshold,23
1.16667,0.0227241,0.00150231,1649,1649,normal,maitrier_threshold,time_threshold,23
1.20833,0.0228031,0.00152554,1649,1649,normal,maitrier_threshold,time_threshold,23
1.25,0.0227336,0.00155723,1649,1649,normal,maitrier_threshold,time_threshold,23
1.29167,0.0230106,0.00157012,1649,1649,normal,maitrier_threshold,time_threshold,23
1.33333,0.0228806,0.00157771,1649,1649,normal,maitrier_threshold,time_threshold,23
1.375,0.0228843,0.00158387,1649,1649,normal,maitrier_threshold,time_threshold,23
1.41667,0.0231838,0.00160155,1649,1649,normal,maitrier_threshold,time_threshold,23
1.45833,0.0232691,0.00162292,1649,1649,normal,maitrier_threshold,time_threshold,23
1.5,0.023115,0.001634,1649,1649,normal,maitrier_threshold,time_threshold,23
1.54167,0.0232578,0.00164121,1649,1649,normal,maitrier_threshold,time_threshold,23
1.58333,0.0232205,0.00166377,1649,1649,normal,maitrier_threshold,time_threshold,23
1.625,0.0233336,0.00168019,1649,1649,normal,maitrier_threshold,time_threshold,23
1.66667,0.0232306,0.00170048,1649,1649,normal,maitrier_threshold,time_threshold,23
1.70833,0.0233433,0.00172753,1649,1649,normal,maitrier_threshold,time_threshold,23
1.75,0.0233134,0.00175059,1649,1649,normal,maitrier_threshold,time_threshold,23
1.79167,0.023535,0.00176093,1649,1649,normal,maitrier_threshold,time_threshold,23
1.83333,0.0237353,0.00176913,1649,1649,normal,maitrier_threshold,time_threshold,23
1.875,0.0238434,0.00178927,1649,1649,normal,maitrier_threshold,time_threshold,23
1.91667,0.0238092,0.00183671,1649,1649,normal,maitrier_threshold,time_threshold,23
1.95833,0.023639,0.00185493,1649,1649,normal,maitrier_threshold,time_threshold,23
2,0.0235594,0.00186838,1649,1649,normal,maitrier_threshold,time_threshold,23
1,0.0191611,0.00181502,1705,1707,normal,maitrier_threshold,time_threshold,71
1.04167,0.0266246,0.00192318,1705,1707,normal,maitrier_threshold,time_threshold,71
1.08333,0.0271918,0.00199654,1705,1707,normal,maitrier_threshold,time_threshold,71
1.125,0.0274835,0.00202972,1705,1707,normal,maitrier_threshold,time_threshold,71
1.16667,0.0276706,0.00206029,1705,1707,normal,maitrier_threshold,time_threshold,71
1.20833,0.027388,0.00205977,1705,1707,normal,maitrier_threshold,time_threshold,71
1.25,0.0275638,0.00204945,1705,1707,normal,maitrier_threshold,time_threshold,71
1.29167,0.027357,0.00206063,1705,1707,normal,maitrier_threshold,time_threshold,71
1.33333,0.0269643,0.00205577,1705,1707,normal,maitrier_threshold,time_threshold,71
1.375,0.0270704,0.0020794,1705,1707,normal,maitrier_threshold,time_threshold,71
1.41667,0.0273126,0.00211313,1705,1707,normal,maitrier_threshold,time_threshold,71
1.45833,0.0270583,0.0021268,1705,1707,normal,maitrier_threshold,time_threshold,71
1.5,0.0267104,0.00214907,1705,1707,normal,maitrier_threshold,time_threshold,71
1.54167,0.0268451,0.00218114,1705,1707,normal,maitrier_threshold,time_threshold,71
1.58333,0.0269756,0.00218724,1705,1707,normal,maitrier_threshold,time_threshold,71
1.625,0.0272287,0.00221732,1705,1707,normal,maitrier_threshold,time_threshold,71
1.66667,0.0269287,0.00223281,1705,1707,normal,maitrier_threshold,time_threshold,71
1.70833,0.0272969,0.00226626,1705,1707,normal,maitrier_threshold,time_threshold,71
1.75,0.0272646,0.00229565,1705,1707,normal,maitrier_threshold,time_threshold,71
1.79167,0.0274272,0.00230393,1705,1707,normal,maitrier_threshold,time_threshold,71
1.83333,0.0274282,0.0023154,1705,1707,normal,maitrier_threshold,time_threshold,71
1.875,0.0277297,0.00233698,1705,1707,normal,maitrier_threshold,time_threshold,71
1.91667,0.0278109,0.00235587,1705,1707,normal,maitrier_threshold,time_threshold,71
1.95833,0.0276163,0.00237201,1705,1707,normal,maitrier_threshold,time_threshold,71
2,0.027646,0.00238887,1705,1707,normal,maitrier_threshold,time_threshold,71
1,0.0337597,0.000766486,3354,3354,stress,current_run,local_runs,7
1.04167,0.0426437,0.000878104,3354,3354,stress,current_run,local_runs,7
1.08333,0.042984,0.000885904,3354,3354,stress,current_run,local_runs,7
1.125,0.0432378,0.000896801,3354,3354,stress,current_run,local_runs,7
1.16667,0.0432502,0.000902658,3354,3354,stress,current_run,local_runs,7
1.20833,0.0433201,0.000908239,3354,3354,stress,current_run,local_runs,7
1.25,0.043324,0.000909556,3354,3354,stress,current_run,local_runs,7
1.29167,0.0433697,0.000913301,3354,3354,stress,current_run,local_runs,7
1.33333,0.0433197,0.000912693,3354,3354,stress,current_run,local_runs,7
1.375,0.0432799,0.000913762,3354,3354,stress,current_run,local_runs,7
1.41667,0.0432257,0.000919455,3354,3354,stress,current_run,local_runs,7
1.45833,0.0431044,0.000919683,3354,3354,stress,current_run,local_runs,7
1.5,0.043077,0.000920208,3354,3354,stress,current_run,local_runs,7
1.54167,0.0430714,0.000927769,3354,3354,stress,current_run,local_runs,7
1.58333,0.0431033,0.000933961,3354,3354,stress,current_run,local_runs,7
1.625,0.0431103,0.000934135,3354,3354,stress,current_run,local_runs,7
1.66667,0.043116,0.00094136,3354,3354,stress,current_run,local_runs,7
1.70833,0.0432058,0.000944453,3354,3354,stress,current_run,local_runs,7
1.75,0.0433542,0.000949823,3354,3354,stress,current_run,local_runs,7
1.79167,0.0434487,0.000955384,3354,3354,stress,current_run,local_runs,7
1.83333,0.04359,0.000959401,3354,3354,stress,current_run,local_runs,7
1.875,0.0436274,0.000966684,3354,3354,stress,current_run,local_runs,7
1.91667,0.0437523,0.000972547,3354,3354,stress,current_run,local_runs,7
1.95833,0.0438076,0.000974113,3354,3354,stress,current_run,local_runs,7
2,0.0439534,0.00098018,3354,3354,stress,current_run,local_runs,7
1,0.0726259,0.00090707,24263,24301,stress,random_n6,random_traders,7
1.04167,0.0855927,0.000976866,24263,24301,stress,random_n6,random_traders,7
1.08333,0.0846256,0.00100234,24263,24301,stress,random_n6,random_traders,7
1.125,0.0836282,0.00102184,24263,24301,stress,random_n6,random_traders,7
1.16667,0.0824409,0.00104288,24263,24301,stress,random_n6,random_traders,7
1.20833,0.0813949,0.00106036,24263,24301,stress,random_n6,random_traders,7
1.25,0.0804367,0.0010749,24263,24301,stress,random_n6,random_traders,7
1.29167,0.0796792,0.0010948,24263,24301,stress,random_n6,random_traders,7
1.33333,0.0787852,0.00111578,24263,24301,stress,random_n6,random_traders,7
1.375,0.0779554,0.00113501,24263,24301,stress,random_n6,random_traders,7
1.41667,0.0770482,0.00115386,24263,24301,stress,random_n6,random_traders,7
1.45833,0.0763786,0.00117425,24263,24301,stress,random_n6,random_traders,7
1.5,0.0757311,0.00119041,24263,24301,stress,random_n6,random_traders,7
1.54167,0.075074,0.0012064,24263,24301,stress,random_n6,random_traders,7
1.58333,0.0745365,0.00122212,24263,24301,stress,random_n6,random_traders,7
1.625,0.0741543,0.00123973,24263,24301,stress,random_n6,random_traders,7
1.66667,0.0733775,0.00125974,24263,24301,stress,random_n6,random_traders,7
1.70833,0.0731619,0.00128001,24263,24301,stress,random_n6,random_traders,7
1.75,0.0728334,0.00129644,24263,24301,stress,random_n6,random_traders,7
1.79167,0.0723504,0.00131544,24263,24301,stress,random_n6,random_traders,7
1.83333,0.0717857,0.00133127,24263,24301,stress,random_n6,random_traders,7
1.875,0.0714673,0.00135054,24263,24301,stress,random_n6,random_traders,7
1.91667,0.0711771,0.00136465,24263,24301,stress,random_n6,random_traders,7
1.95833,0.0710738,0.00138003,24263,24301,stress,random_n6,random_traders,7
2,0.0707386,0.00140125,24263,24301,stress,random_n6,random_traders,7
1,0.0804855,0.00103615,24167,24199,stress,random_n6,random_traders,23
1.04167,0.0955039,0.00111642,24167,24199,stress,random_n6,random_traders,23
1.08333,0.0950664,0.00114222,24167,24199,stress,random_n6,random_traders,23
1.125,0.0939039,0.00116697,24167,24199,stress,random_n6,random_traders,23
1.16667,0.0928762,0.00118663,24167,24199,stress,random_n6,random_traders,23
1.20833,0.0913154,0.00120748,24167,24199,stress,random_n6,random_traders,23
1.25,0.0904731,0.0012287,24167,24199,stress,random_n6,random_traders,23
1.29167,0.0893615,0.001249,24167,24199,stress,random_n6,random_traders,23
1.33333,0.0883131,0.00127439,24167,24199,stress,random_n6,random_traders,23
1.375,0.0875871,0.0012911,24167,24199,stress,random_n6,random_traders,23
1.41667,0.086573,0.0013125,24167,24199,stress,random_n6,random_traders,23
1.45833,0.0858255,0.00133654,24167,24199,stress,random_n6,random_traders,23
1.5,0.0848252,0.00135757,24167,24199,stress,random_n6,random_traders,23
1.54167,0.0841907,0.00137967,24167,24199,stress,random_n6,random_traders,23
1.58333,0.0835544,0.00139217,24167,24199,stress,random_n6,random_traders,23
1.625,0.083063,0.00141281,24167,24199,stress,random_n6,random_traders,23
1.66667,0.0827785,0.00143754,24167,24199,stress,random_n6,random_traders,23
1.70833,0.0824938,0.00145556,24167,24199,stress,random_n6,random_traders,23
1.75,0.0818719,0.00147713,24167,24199,stress,random_n6,random_traders,23
1.79167,0.0814347,0.00149765,24167,24199,stress,random_n6,random_traders,23
1.83333,0.0811594,0.00152447,24167,24199,stress,random_n6,random_traders,23
1.875,0.080837,0.00155171,24167,24199,stress,random_n6,random_traders,23
1.91667,0.0804293,0.00156802,24167,24199,stress,random_n6,random_traders,23
1.95833,0.0802612,0.00158559,24167,24199,stress,random_n6,random_traders,23
2,0.0801266,0.00161148,24167,24199,stress,random_n6,random_traders,23
1,0.0750083,0.000951617,24469,24507,stress,random_n6,random_traders,71
1.04167,0.0887265,0.00102482,24469,24507,stress,random_n6,random_traders,71
1.08333,0.0881422,0.00104871,24469,24507,stress,random_n6,random_traders,71
1.125,0.0871192,0.00106957,24469,24507,stress,random_n6,random_traders,71
1.16667,0.0858631,0.00109121,24469,24507,stress,random_n6,random_traders,71
1.20833,0.0847695,0.00111017,24469,24507,stress,random_n6,random_traders,71
1.25,0.0837257,0.00112934,24469,24507,stress,random_n6,random_traders,71
1.29167,0.0828132,0.00114994,24469,24507,stress,random_n6,random_traders,71
1.33333,0.08199,0.00116887,24469,24507,stress,random_n6,random_traders,71
1.375,0.0810768,0.00118609,24469,24507,stress,random_n6,random_traders,71
1.41667,0.0802463,0.00121021,24469,24507,stress,random_n6,random_traders,71
1.45833,0.0794145,0.00123178,24469,24507,stress,random_n6,random_traders,71
1.5,0.0789214,0.00124695,24469,24507,stress,random_n6,random_traders,71
1.54167,0.0782564,0.00126285,24469,24507,stress,random_n6,random_traders,71
1.58333,0.077492,0.00128085,24469,24507,stress,random_n6,random_traders,71
1.625,0.0768262,0.0012993,24469,24507,stress,random_n6,random_traders,71
1.66667,0.0763802,0.00131518,24469,24507,stress,random_n6,random_traders,71
1.70833,0.076023,0.00133025,24469,24507,stress,random_n6,random_traders,71
1.75,0.075734,0.00134695,24469,24507,stress,random_n6,random_traders,71
1.79167,0.0755099,0.00136898,24469,24507,stress,random_n6,random_traders,71
1.83333,0.0751671,0.00138397,24469,24507,stress,random_n6,random_traders,71
1.875,0.0746426,0.00140116,24469,24507,stress,random_n6,random_traders,71
1.91667,0.0744171,0.00142269,24469,24507,stress,random_n6,random_traders,71
1.95833,0.0741886,0.00143529,24469,24507,stress,random_n6,random_traders,71
2,0.0738128,0.00145086,24469,24507,stress,random_n6,random_traders,71
1,0.0145603,0.00108638,2081,2082,stress,maitrier_threshold,time_threshold,7
1.04167,0.0205584,0.0011745,2081,2082,stress,maitrier_threshold,time_threshold,7
1.08333,0.0205155,0.00119098,2081,2082,stress,maitrier_threshold,time_threshold,7
1.125,0.0206594,0.00122013,2081,2082,stress,maitrier_threshold,time_threshold,7
1.16667,0.0208458,0.00123862,2081,2082,stress,maitrier_threshold,time_threshold,7
1.20833,0.0208383,0.00125779,2081,2082,stress,maitrier_threshold,time_threshold,7
1.25,0.0207672,0.00127584,2081,2082,stress,maitrier_threshold,time_threshold,7
1.29167,0.0204746,0.00130497,2081,2082,stress,maitrier_threshold,time_threshold,7
1.33333,0.0200796,0.00133371,2081,2082,stress,maitrier_threshold,time_threshold,7
1.375,0.0202612,0.00134767,2081,2082,stress,maitrier_threshold,time_threshold,7
1.41667,0.020128,0.00135566,2081,2082,stress,maitrier_threshold,time_threshold,7
1.45833,0.02011,0.00136079,2081,2082,stress,maitrier_threshold,time_threshold,7
1.5,0.0199017,0.00136854,2081,2082,stress,maitrier_threshold,time_threshold,7
1.54167,0.01993,0.00137601,2081,2082,stress,maitrier_threshold,time_threshold,7
1.58333,0.0200465,0.00138501,2081,2082,stress,maitrier_threshold,time_threshold,7
1.625,0.0199727,0.00139681,2081,2082,stress,maitrier_threshold,time_threshold,7
1.66667,0.0198669,0.00140977,2081,2082,stress,maitrier_threshold,time_threshold,7
1.70833,0.0199442,0.00142162,2081,2082,stress,maitrier_threshold,time_threshold,7
1.75,0.0199237,0.00143756,2081,2082,stress,maitrier_threshold,time_threshold,7
1.79167,0.0199465,0.00146814,2081,2082,stress,maitrier_threshold,time_threshold,7
1.83333,0.0197426,0.00149801,2081,2082,stress,maitrier_threshold,time_threshold,7
1.875,0.0197721,0.00151721,2081,2082,stress,maitrier_threshold,time_threshold,7
1.91667,0.0197433,0.00152193,2081,2082,stress,maitrier_threshold,time_threshold,7
1.95833,0.0196555,0.00153178,2081,2082,stress,maitrier_threshold,time_threshold,7
2,0.0196119,0.00155106,2081,2082,stress,maitrier_threshold,time_threshold,7
1,0.0183395,0.00145663,2147,2147,stress,maitrier_threshold,time_threshold,23
1.04167,0.0255215,0.00157152,2147,2147,stress,maitrier_threshold,time_threshold,23
1.08333,0.0261362,0.0015963,2147,2147,stress,maitrier_threshold,time_threshold,23
1.125,0.0263148,0.00161595,2147,2147,stress,maitrier_threshold,time_threshold,23
1.16667,0.0266211,0.00162819,2147,2147,stress,maitrier_threshold,time_threshold,23
1.20833,0.0268539,0.00164375,2147,2147,stress,maitrier_threshold,time_threshold,23
1.25,0.0269349,0.0016567,2147,2147,stress,maitrier_threshold,time_threshold,23
1.29167,0.0269442,0.00169423,2147,2147,stress,maitrier_threshold,time_threshold,23
1.33333,0.0267809,0.00171832,2147,2147,stress,maitrier_threshold,time_threshold,23
1.375,0.0270789,0.00171461,2147,2147,stress,maitrier_threshold,time_threshold,23
1.41667,0.0269652,0.00171671,2147,2147,stress,maitrier_threshold,time_threshold,23
1.45833,0.0270305,0.00171668,2147,2147,stress,maitrier_threshold,time_threshold,23
1.5,0.0271541,0.001719,2147,2147,stress,maitrier_threshold,time_threshold,23
1.54167,0.0272264,0.00172769,2147,2147,stress,maitrier_threshold,time_threshold,23
1.58333,0.0272398,0.00175424,2147,2147,stress,maitrier_threshold,time_threshold,23
1.625,0.0275094,0.00177818,2147,2147,stress,maitrier_threshold,time_threshold,23
1.66667,0.027658,0.00182818,2147,2147,stress,maitrier_threshold,time_threshold,23
1.70833,0.0274516,0.00185222,2147,2147,stress,maitrier_threshold,time_threshold,23
1.75,0.0277368,0.00188008,2147,2147,stress,maitrier_threshold,time_threshold,23
1.79167,0.0276955,0.00190764,2147,2147,stress,maitrier_threshold,time_threshold,23
1.83333,0.0276254,0.00191656,2147,2147,stress,maitrier_threshold,time_threshold,23
1.875,0.0276351,0.00193164,2147,2147,stress,maitrier_threshold,time_threshold,23
1.91667,0.0279515,0.00195303,2147,2147,stress,maitrier_threshold,time_threshold,23
1.95833,0.0281587,0.00200185,2147,2147,stress,maitrier_threshold,time_threshold,23
2,0.0284893,0.00202024,2147,2147,stress,maitrier_threshold,time_threshold,23
1,0.000135473,1.49753e-05,2080,2080,stress,maitrier_threshold,time_threshold,71
1.04167,0.000177485,1.52432e-05,2080,2080,stress,maitrier_threshold,time_threshold,71
1.08333,0.000180901,1.55385e-05,2080,2080,stress,maitrier_threshold,time_threshold,71
1.125,0.000182562,1.5745e-05,2080,2080,stress,maitrier_threshold,time_threshold,71
1.16667,0.00018289,1.58964e-05,2080,2080,stress,maitrier_threshold,time_threshold,71
1.20833,0.000185217,1.60616e-05,2080,2080,stress,maitrier_threshold,time_threshold,71
1.25,0.00018416,1.61133e-05,2080,2080,stress,maitrier_threshold,time_threshold,71
1.29167,0.000179798,1.6067e-05,2080,2080,stress,maitrier_threshold,time_threshold,71
1.33333,0.000176731,1.58717e-05,2080,2080,stress,maitrier_threshold,time_threshold,71
1.375,0.000175209,1.59264e-05,2080,2080,stress,maitrier_threshold,time_threshold,71
1.41667,0.000172917,1.60401e-05,2080,2080,stress,maitrier_threshold,time_threshold,71
1.45833,0.000174842,1.60931e-05,2080,2080,stress,maitrier_threshold,time_threshold,71
1.5,0.000172291,1.64326e-05,2080,2080,stress,maitrier_threshold,time_threshold,71
1.54167,0.000174107,1.68385e-05,2080,2080,stress,maitrier_threshold,time_threshold,71
1.58333,0.000175228,1.70407e-05,2080,2080,stress,maitrier_threshold,time_threshold,71
1.625,0.000176966,1.72384e-05,2080,2080,stress,maitrier_threshold,time_threshold,71
1.66667,0.000176174,1.73111e-05,2080,2080,stress,maitrier_threshold,time_threshold,71
1.70833,0.000174523,1.71457e-05,2080,2080,stress,maitrier_threshold,time_threshold,71
1.75,0.000174051,1.70301e-05,2080,2080,stress,maitrier_threshold,time_threshold,71
1.79167,0.00017415,1.72696e-05,2080,2080,stress,maitrier_threshold,time_threshold,71
1.83333,0.000172555,1.74989e-05,2080,2080,stress,maitrier_threshold,time_threshold,71
1.875,0.000172173,1.70826e-05,2080,2080,stress,maitrier_threshold,time_threshold,71
1.91667,0.000175522,1.70918e-05,2080,2080,stress,maitrier_threshold,time_threshold,71
1.95833,0.000173759,1.70099e-05,2080,2080,stress,maitrier_threshold,time_threshold,71
2,0.000172513,1.73835e-05,2080,2080,stress,maitrier_threshold,time_threshold,71
