run_id,strategy,duration,seed,side,participation,market_volume,quantity,filled,completion,arrival_mid,end_mid,baseline_end_mid,peak_impact_observed,peak_impact_causal,end_impact_causal,shortfall,paired_execution_cost,penalized_execution_cost
immediate_120_0_BUY_0.001,immediate,120.0,0,BUY,0.001,4.811332827747923,0.004811332827747923,0.004811332827747923,1.0,62987.350000000006,62987.350000000006,62987.350000000006,0.0,1.587620371484445e-06,0.0,7.938101856267079e-07,7.938101856271077e-07,7.938101856271077e-07
immediate_120_0_SELL_0.001,immediate,120.0,0,SELL,0.001,4.811332827747923,0.004811332827747923,0.004811332827747923,1.0,62987.350000000006,62987.350000000006,62987.350000000006,-0.0,1.587620371484445e-06,-0.0,7.938101858577371e-07,7.938101858146768e-07,7.938101858146768e-07
immediate_120_0_BUY_0.0025,immediate,120.0,0,BUY,0.0025,4.811332827747923,0.012028332069369808,0.012028332069369808,1.0,62987.350000000006,62987.350000000006,62987.350000000006,0.0,1.587620371484445e-06,0.0,7.938101857422225e-07,7.938101856646215e-07,7.938101856646215e-07
immediate_120_0_SELL_0.0025,immediate,120.0,0,SELL,0.0025,4.811332827747923,0.012028332069369808,0.012028332069369808,1.0,62987.350000000006,62987.350000000006,62987.350000000006,-0.0,1.587620371484445e-06,-0.0,7.938101857422225e-07,7.938101858146768e-07,7.938101858146768e-07
immediate_120_0_BUY_0.005,immediate,120.0,0,BUY,0.005,4.811332827747923,0.024056664138739615,0.024056664138739615,1.0,62987.350000000006,62987.350000000006,62987.350000000006,0.0,3.175240742737861e-06,0.0,7.938101857422225e-07,7.938101856646215e-07,7.938101856646215e-07
immediate_120_0_SELL_0.005,immediate,120.0,0,SELL,0.005,4.811332827747923,0.024056664138739615,0.024056664138739615,1.0,62987.350000000006,62987.350000000006,62987.350000000006,-0.0,3.175240742737861e-06,-0.0,7.938101857422225e-07,7.938101858146768e-07,7.938101858146768e-07
immediate_120_0_BUY_0.01,immediate,120.0,0,BUY,0.01,4.811332827747923,0.04811332827747923,0.04811332827747923,1.0,62987.350000000006,62987.350000000006,62987.350000000006,0.0,4.762861114222305e-06,0.0,7.938101857422225e-07,7.938101856646215e-07,7.938101856646215e-07
immediate_120_0_SELL_0.01,immediate,120.0,0,SELL,0.01,4.811332827747923,0.04811332827747923,0.04811332827747923,1.0,62987.350000000006,62987.350000000006,62987.350000000006,-0.0,3.175240742737861e-06,-0.0,7.938101857422225e-07,7.938101858146768e-07,7.938101858146768e-07
immediate_120_0_BUY_0.02,immediate,120.0,0,BUY,0.02,4.811332827747923,0.09622665655495846,0.09622665655495846,1.0,62987.350000000006,62987.350000000006,62987.350000000006,0.0,6.350481485475722e-06,0.0,7.938101857422225e-07,7.938101856646215e-07,7.938101856646215e-07
immediate_120_0_SELL_0.02,immediate,120.0,0,SELL,0.02,4.811332827747923,0.09622665655495846,0.09622665655495846,1.0,62987.350000000006,62987.350000000006,62987.350000000006,-0.0,4.762861114222305e-06,-0.0,7.938101857422225e-07,7.938101858146768e-07,7.938101858146768e-07
immediate_120_0_BUY_0.05,immediate,120.0,0,BUY,0.05,4.811332827747923,0.24056664138739614,0.24056664138739614,1.0,62987.350000000006,62987.350000000006,62987.350000000006,0.0,7.938101856960167e-06,0.0,7.938101857422225e-07,7.938101856346104e-07,7.938101856346104e-07
immediate_120_0_SELL_0.05,immediate,120.0,0,SELL,0.05,4.811332827747923,0.24056664138739614,0.24056664138739614,1.0,62987.350000000006,62987.350000000006,62987.350000000006,-0.0,7.938101856960167e-06,-0.0,7.938101857422225e-07,7.938101857546547e-07,7.938101857546547e-07
immediate_120_0_BUY_0.1,immediate,120.0,0,BUY,0.1,4.811332827747923,0.4811332827747923,0.4811332827747923,1.0,62987.350000000006,62987.350000000006,62987.350000000006,0.0,1.5876203713920334e-05,0.0,1.622401653822646e-06,1.6224016537369033e-06,1.6224016537369033e-06
immediate_120_0_SELL_0.1,immediate,120.0,0,SELL,0.1,4.811332827747923,0.4811332827747923,0.4811332827747923,1.0,62987.350000000006,62987.350000000006,62987.350000000006,-0.0,1.1113342599698028e-05,-0.0,7.938101857422225e-07,7.938101857546547e-07,7.938101857546547e-07
immediate_120_0_BUY_0.2,immediate,120.0,0,BUY,0.2,4.811332827747923,0.9622665655495846,0.9622665655495846,1.0,62987.350000000006,62987.350000000006,62987.350000000006,0.0,2.38143055708805e-05,0.0,4.383346662578053e-06,4.383346662524309e-06,4.383346662524309e-06
immediate_120_0_SELL_0.2,immediate,120.0,0,SELL,0.2,4.811332827747923,0.9622665655495846,0.9622665655495846,1.0,62987.350000000006,62987.350000000006,62987.350000000006,-0.0,1.5876203713920334e-05,-0.0,7.938101857422225e-07,7.938101857546547e-07,7.938101857546547e-07
immediate_120_1_BUY_0.001,immediate,120.0,1,BUY,0.001,2.1060715582135368,0.0021060715582135368,0.0021060715582135368,1.0,63024.55,63067.350000000006,63067.350000000006,0.0006791004457787149,0.0,0.0,7.933416421955321e-07,7.933416421589014e-07,7.933416421589014e-07
immediate_120_1_SELL_0.001,immediate,120.0,1,SELL,0.001,2.1060715582135368,0.0021060715582135368,0.0021060715582135368,1.0,63024.55,63067.350000000006,63067.350000000006,-0.0006791004457787149,1.586683284621957e-06,-0.0,7.933416423109785e-07,7.933416423730264e-07,7.933416423730264e-07
immediate_120_1_BUY_0.0025,immediate,120.0,1,BUY,0.0025,2.1060715582135368,0.005265178895533842,0.005265178895533842,1.0,63024.55,63067.350000000006,63067.350000000006,0.0006791004457787149,0.0,0.0,7.933416423109785e-07,7.933416422017264e-07,7.933416422017264e-07
immediate_120_1_SELL_0.0025,immediate,120.0,1,SELL,0.0025,2.1060715582135368,0.005265178895533842,0.005265178895533842,1.0,63024.55,63067.350000000006,63067.350000000006,-0.0006791004457787149,1.586683284621957e-06,-0.0,7.933416423109785e-07,7.933416423730264e-07,7.933416423730264e-07
immediate_120_1_BUY_0.005,immediate,120.0,1,BUY,0.005,2.1060715582135368,0.010530357791067684,0.010530357791067684,1.0,63024.55,63067.350000000006,63067.350000000006,0.0006791004457787149,1.586683284621957e-06,0.0,7.933416423109785e-07,7.933416422017264e-07,7.933416422017264e-07
immediate_120_1_SELL_0.005,immediate,120.0,1,SELL,0.005,2.1060715582135368,0.010530357791067684,0.010530357791067684,1.0,63024.55,63067.350000000006,63067.350000000006,-0.0006791004457787149,3.173366569013021e-06,-0.0,7.933416423109785e-07,7.933416423730264e-07,7.933416423730264e-07
immediate_120_1_BUY_0.01,immediate,120.0,1,BUY,0.01,2.1060715582135368,0.02106071558213537,0.02106071558213537,1.0,63024.55,63067.350000000006,63067.350000000006,0.0006791004457787149,1.586683284621957e-06,0.0,7.933416423109785e-07,7.933416422017264e-07,7.933416422017264e-07
immediate_120_1_SELL_0.01,immediate,120.0,1,SELL,0.01,2.1060715582135368,0.02106071558213537,0.02106071558213537,1.0,63024.55,63067.350000000006,63067.350000000006,-0.0006791004457787149,3.173366569013021e-06,-0.0,7.933416423109785e-07,7.933416423730264e-07,7.933416423730264e-07
immediate_120_1_BUY_0.02,immediate,120.0,1,BUY,0.02,2.1060715582135368,0.04212143116427074,0.04212143116427074,1.0,63024.55,63067.350000000006,63067.350000000006,0.0006791004457787149,3.173366569243914e-06,0.0,7.933416423109785e-07,7.933416422017264e-07,7.933416422017264e-07
immediate_120_1_SELL_0.02,immediate,120.0,1,SELL,0.02,2.1060715582135368,0.04212143116427074,0.04212143116427074,1.0,63024.55,63067.350000000006,63067.350000000006,-0.0006791004457787149,4.760049853404085e-06,-0.0,7.933416423109785e-07,7.933416423730264e-07,7.933416423730264e-07
immediate_120_1_BUY_0.05,immediate,120.0,1,BUY,0.05,2.1060715582135368,0.10530357791067685,0.10530357791067685,1.0,63024.55,63067.350000000006,63067.350000000006,0.0006791004457787149,4.760049853634978e-06,0.0,7.933416421955321e-07,7.933416421332063e-07,7.933416421332063e-07
immediate_120_1_SELL_0.05,immediate,120.0,1,SELL,0.05,2.1060715582135368,0.10530357791067685,0.10530357791067685,1.0,63024.55,63067.350000000006,63067.350000000006,-0.0006791004457787149,6.346733138026042e-06,-0.0,7.933416423109785e-07,7.933416424072863e-07,7.933416424072863e-07
immediate_120_1_BUY_0.1,immediate,120.0,1,BUY,0.1,2.1060715582135368,0.2106071558213537,0.2106071558213537,1.0,63024.55,63067.350000000006,63067.350000000006,0.0006791004457787149,7.933416422648e-06,0.0,7.933416421955321e-07,7.933416421332063e-07,7.933416421332063e-07
immediate_120_1_SELL_0.1,immediate,120.0,1,SELL,0.1,2.1060715582135368,0.2106071558213537,0.2106071558213537,1.0,63024.55,63067.350000000006,63067.350000000006,-0.0006791004457787149,7.933416422648e-06,-0.0,7.933416423109785e-07,7.933416424072863e-07,7.933416424072863e-07
immediate_120_1_BUY_0.2,immediate,120.0,1,BUY,0.2,2.1060715582135368,0.4212143116427074,0.4212143116427074,1.0,63024.55,63067.350000000006,63067.350000000006,0.0006791004457787149,1.1106782991891913e-05,0.0,7.933416421955321e-07,7.933416421332063e-07,7.933416421332063e-07
immediate_120_1_SELL_0.2,immediate,120.0,1,SELL,0.2,2.1060715582135368,0.4212143116427074,0.4212143116427074,1.0,63024.55,63067.350000000006,63067.350000000006,-0.0006791004457787149,1.110678299166102e-05,-0.0,7.933416423109785e-07,7.933416424072863e-07,7.933416424072863e-07
immediate_120_2_BUY_0.001,immediate,120.0,2,BUY,0.001,1.297922218321803,0.001297922218321803,0.001297922218321803,1.0,62987.350000000006,62962.350000000006,62962.350000000006,-0.00039690509284800833,1.587620371484445e-06,0.0,7.938101856267079e-07,7.938101856647875e-07,7.938101856647875e-07
immediate_120_2_SELL_0.001,immediate,120.0,2,SELL,0.001,1.297922218321803,0.001297922218321803,0.001297922218321803,1.0,62987.350000000006,62962.350000000006,62962.350000000006,0.00039690509284800833,1.587620371484445e-06,-0.0,7.938101858577371e-07,7.938101858386148e-07,7.938101858386148e-07
immediate_120_2_BUY_0.0025,immediate,120.0,2,BUY,0.0025,1.297922218321803,0.003244805545804508,0.003244805545804508,1.0,62987.350000000006,62962.350000000006,62962.350000000006,-0.00039690509284800833,1.587620371484445e-06,0.0,7.938101856267079e-07,7.93810185560491e-07,7.93810185560491e-07
immediate_120_2_SELL_0.0025,immediate,120.0,2,SELL,0.0025,1.297922218321803,0.003244805545804508,0.003244805545804508,1.0,62987.350000000006,62962.350000000006,62962.350000000006,0.00039690509284800833,1.587620371484445e-06,-0.0,7.938101856267079e-07,7.938101856995529e-07,7.938101856995529e-07
immediate_120_2_BUY_0.005,immediate,120.0,2,BUY,0.005,1.297922218321803,0.006489611091609016,0.006489611091609016,1.0,62987.350000000006,62962.350000000006,62962.350000000006,-0.00039690509284800833,1.587620371484445e-06,0.0,7.938101856267079e-07,7.93810185560491e-07,7.93810185560491e-07
immediate_120_2_SELL_0.005,immediate,120.0,2,SELL,0.005,1.297922218321803,0.006489611091609016,0.006489611091609016,1.0,62987.350000000006,62962.350000000006,62962.350000000006,0.00039690509284800833,1.587620371484445e-06,-0.0,7.938101856267079e-07,7.938101856995529e-07,7.938101856995529e-07
immediate_120_2_BUY_0.01,immediate,120.0,2,BUY,0.01,1.297922218321803,0.012979222183218031,0.012979222183218031,1.0,62987.350000000006,62962.350000000006,62962.350000000006,-0.00039690509284800833,3.17524074296889e-06,0.0,7.938101856267079e-07,7.93810185560491e-07,7.93810185560491e-07
immediate_120_2_SELL_0.01,immediate,120.0,2,SELL,0.01,1.297922218321803,0.012979222183218031,0.012979222183218031,1.0,62987.350000000006,62962.350000000006,62962.350000000006,0.00039690509284800833,1.587620371484445e-06,-0.0,7.938101856267079e-07,7.938101856995529e-07,7.938101856995529e-07
immediate_120_2_BUY_0.02,immediate,120.0,2,BUY,0.02,1.297922218321803,0.025958444366436063,0.025958444366436063,1.0,62987.350000000006,62962.350000000006,62962.350000000006,-0.00039690509284800833,3.17524074296889e-06,0.0,7.938101856267079e-07,7.93810185560491e-07,7.93810185560491e-07
immediate_120_2_SELL_0.02,immediate,120.0,2,SELL,0.02,1.297922218321803,0.025958444366436063,0.025958444366436063,1.0,62987.350000000006,62962.350000000006,62962.350000000006,0.00039690509284800833,1.587620371484445e-06,-0.0,7.938101856267079e-07,7.938101856995529e-07,7.938101856995529e-07
immediate_120_2_BUY_0.05,immediate,120.0,2,BUY,0.05,1.297922218321803,0.06489611091609016,0.06489611091609016,1.0,62987.350000000006,62962.350000000006,62962.350000000006,-0.00039690509284800833,4.762861114222305e-06,0.0,7.938101856267079e-07,7.938101855883035e-07,7.938101855883035e-07
immediate_120_2_SELL_0.05,immediate,120.0,2,SELL,0.05,1.297922218321803,0.06489611091609016,0.06489611091609016,1.0,62987.350000000006,62962.350000000006,62962.350000000006,0.00039690509284800833,3.17524074296889e-06,-0.0,7.938101857422225e-07,7.93810185699553e-07,7.93810185699553e-07
immediate_120_2_BUY_0.1,immediate,120.0,2,BUY,0.1,1.297922218321803,0.1297922218321803,0.1297922218321803,1.0,62987.350000000006,62962.350000000006,62962.350000000006,-0.00039690509284800833,6.350481485706751e-06,0.0,7.938101856267079e-07,7.938101855883035e-07,7.938101855883035e-07
immediate_120_2_SELL_0.1,immediate,120.0,2,SELL,0.1,1.297922218321803,0.1297922218321803,0.1297922218321803,1.0,62987.350000000006,62962.350000000006,62962.350000000006,0.00039690509284800833,4.762861113991276e-06,-0.0,7.938101857422225e-07,7.93810185699553e-07,7.93810185699553e-07
immediate_120_2_BUY_0.2,immediate,120.0,2,BUY,0.2,1.297922218321803,0.2595844436643606,0.2595844436643606,1.0,62987.350000000006,62962.350000000006,62962.350000000006,-0.00039690509284800833,9.52572222844461e-06,0.0,7.938101856267079e-07,7.938101855883035e-07,7.938101855883035e-07
immediate_120_2_SELL_0.2,immediate,120.0,2,SELL,0.2,1.297922218321803,0.2595844436643606,0.2595844436643606,1.0,62987.350000000006,62962.350000000006,62962.350000000006,0.00039690509284800833,1.1113342599698028e-05,-0.0,1.9968879994202267e-06,1.9968879993556256e-06,1.9968879993556256e-06
immediate_120_3_BUY_0.001,immediate,120.0,3,BUY,0.001,2.488353868563763,0.002488353868563763,0.002488353868563763,1.0,62980.45,62984.850000000006,62984.850000000006,6.986294953447826e-05,1.5877943074599953e-06,0.0,7.938971538455249e-07,7.938971537972102e-07,7.938971537972102e-07
immediate_120_3_SELL_0.001,immediate,120.0,3,SELL,0.001,2.488353868563763,0.002488353868563763,0.002488353868563763,1.0,62980.45,62984.850000000006,62984.850000000006,-6.986294953447826e-05,1.5877943076910498e-06,-0.0,7.938971537299976e-07,7.938971537972102e-07,7.938971537972102e-07
immediate_120_3_BUY_0.0025,immediate,120.0,3,BUY,0.0025,2.488353868563763,0.006220884671409408,0.006220884671409408,1.0,62980.45,62984.850000000006,62984.850000000006,6.986294953447826e-05,1.5877943074599953e-06,0.0,7.938971538455249e-07,7.938971537972101e-07,7.938971537972101e-07
immediate_120_3_SELL_0.0025,immediate,120.0,3,SELL,0.0025,2.488353868563763,0.006220884671409408,0.006220884671409408,1.0,62980.45,62984.850000000006,62984.850000000006,-6.986294953447826e-05,1.5877943076910498e-06,-0.0,7.938971537299976e-07,7.938971537972101e-07,7.938971537972101e-07
immediate_120_3_BUY_0.005,immediate,120.0,3,BUY,0.005,2.488353868563763,0.012441769342818817,0.012441769342818817,1.0,62980.45,62984.850000000006,62984.850000000006,6.986294953447826e-05,3.175588615151045e-06,0.0,7.938971538455249e-07,7.938971537972101e-07,7.938971537972101e-07
immediate_120_3_SELL_0.005,immediate,120.0,3,SELL,0.005,2.488353868563763,0.012441769342818817,0.012441769342818817,1.0,62980.45,62984.850000000006,62984.850000000006,-6.986294953447826e-05,1.5877943076910498e-06,-0.0,7.938971537299976e-07,7.938971537972101e-07,7.938971537972101e-07
immediate_120_3_BUY_0.01,immediate,120.0,3,BUY,0.01,2.488353868563763,0.024883538685637634,0.024883538685637634,1.0,62980.45,62984.850000000006,62984.850000000006,6.986294953447826e-05,3.175588615151045e-06,0.0,7.938971538455249e-07,7.938971537972101e-07,7.938971537972101e-07
immediate_120_3_SELL_0.01,immediate,120.0,3,SELL,0.01,2.488353868563763,0.024883538685637634,0.024883538685637634,1.0,62980.45,62984.850000000006,62984.850000000006,-6.986294953447826e-05,1.5877943076910498e-06,-0.0,7.938971537299976e-07,7.938971537972101e-07,7.938971537972101e-07
immediate_120_3_BUY_0.02,immediate,120.0,3,BUY,0.02,2.488353868563763,0.04976707737127527,0.04976707737127527,1.0,62980.45,62984.850000000006,62984.850000000006,6.986294953447826e-05,4.76338292261104e-06,0.0,7.938971538455249e-07,7.938971537972101e-07,7.938971537972101e-07
immediate_120_3_SELL_0.02,immediate,120.0,3,SELL,0.02,2.488353868563763,0.04976707737127527,0.04976707737127527,1.0,62980.45,62984.850000000006,62984.850000000006,-6.986294953447826e-05,3.1755886153820996e-06,-0.0,7.938971537299976e-07,7.938971537972101e-07,7.938971537972101e-07
immediate_120_3_BUY_0.05,immediate,120.0,3,BUY,0.05,2.488353868563763,0.12441769342818816,0.12441769342818816,1.0,62980.45,62984.850000000006,62984.850000000006,6.986294953447826e-05,6.35117723030209e-06,0.0,7.938971538455249e-07,7.938971538842612e-07,7.938971538842612e-07
immediate_120_3_SELL_0.05,immediate,120.0,3,SELL,0.05,2.488353868563763,0.12441769342818816,0.12441769342818816,1.0,62980.45,62984.850000000006,62984.850000000006,-6.986294953447826e-05,4.763382922842094e-06,-0.0,7.938971537299976e-07,7.938971536521253e-07,7.938971536521253e-07
immediate_120_3_BUY_0.1,immediate,120.0,3,BUY,0.1,2.488353868563763,0.24883538685637632,0.24883538685637632,1.0,62980.45,62984.850000000006,62984.850000000006,6.986294953447826e-05,9.526765845453135e-06,0.0,7.938971538455249e-07,7.938971538842612e-07,7.938971538842612e-07
immediate_120_3_SELL_0.1,immediate,120.0,3,SELL,0.1,2.488353868563763,0.24883538685637632,0.24883538685637632,1.0,62980.45,62984.850000000006,62984.850000000006,-6.986294953447826e-05,7.93897153799314e-06,-0.0,7.938971537299976e-07,7.938971536521253e-07,7.938971536521253e-07
immediate_120_3_BUY_0.2,immediate,120.0,3,BUY,0.2,2.488353868563763,0.49767077371275265,0.49767077371275265,1.0,62980.45,62984.850000000006,62984.850000000006,6.986294953447826e-05,1.587794307598628e-05,0.0,1.2117440071980436e-06,1.211744007235119e-06,1.211744007235119e-06
immediate_120_3_SELL_0.2,immediate,120.0,3,SELL,0.2,2.488353868563763,0.49767077371275265,0.49767077371275265,1.0,62980.45,62984.850000000006,62984.850000000006,-6.986294953447826e-05,1.4290148768526283e-05,-0.0,1.203166183620024e-06,1.2031661835273833e-06,1.2031661835273833e-06
immediate_120_4_BUY_0.001,immediate,120.0,4,BUY,0.001,1.2089078278085923,0.0012089078278085922,0.0012089078278085922,1.0,62989.75,63013.65000000001,63013.65000000001,0.0003794268115051851,1.587559880866661e-06,0.0,7.937799403178204e-07,7.937799402990578e-07,7.937799402990578e-07
immediate_120_4_SELL_0.001,immediate,120.0,4,SELL,0.001,1.2089078278085923,0.0012089078278085922,0.0012089078278085922,1.0,62989.75,63013.65000000001,63013.65000000001,-0.0003794268115051851,1.587559880866661e-06,-0.0,7.937799402023102e-07,7.937799402990578e-07,7.937799402990578e-07
immediate_120_4_BUY_0.0025,immediate,120.0,4,BUY,0.0025,1.2089078278085923,0.003022269569521481,0.003022269569521481,1.0,62989.75,63013.65000000001,63013.65000000001,0.0003794268115051851,1.587559880866661e-06,0.0,7.937799405488407e-07,7.937799404856773e-07,7.937799404856773e-07
immediate_120_4_SELL_0.0025,immediate,120.0,4,SELL,0.0025,1.2089078278085923,0.003022269569521481,0.003022269569521481,1.0,62989.75,63013.65000000001,63013.65000000001,-0.0003794268115051851,1.587559880866661e-06,-0.0,7.937799403178204e-07,7.937799403363817e-07,7.937799403363817e-07
immediate_120_4_BUY_0.005,immediate,120.0,4,BUY,0.005,1.2089078278085923,0.006044539139042962,0.006044539139042962,1.0,62989.75,63013.65000000001,63013.65000000001,0.0003794268115051851,1.587559880866661e-06,0.0,7.937799405488407e-07,7.937799404856773e-07,7.937799404856773e-07
immediate_120_4_SELL_0.005,immediate,120.0,4,SELL,0.005,1.2089078278085923,0.006044539139042962,0.006044539139042962,1.0,62989.75,63013.65000000001,63013.65000000001,-0.0003794268115051851,1.587559880866661e-06,-0.0,7.937799403178204e-07,7.937799403363817e-07,7.937799403363817e-07
immediate_120_4_BUY_0.01,immediate,120.0,4,BUY,0.01,1.2089078278085923,0.012089078278085924,0.012089078278085924,1.0,62989.75,63013.65000000001,63013.65000000001,0.0003794268115051851,1.587559880866661e-06,0.0,7.937799405488407e-07,7.937799404856773e-07,7.937799404856773e-07
immediate_120_4_SELL_0.01,immediate,120.0,4,SELL,0.01,1.2089078278085923,0.012089078278085924,0.012089078278085924,1.0,62989.75,63013.65000000001,63013.65000000001,-0.0003794268115051851,1.587559880866661e-06,-0.0,7.937799403178204e-07,7.937799403363817e-07,7.937799403363817e-07
immediate_120_4_BUY_0.02,immediate,120.0,4,BUY,0.02,1.2089078278085923,0.024178156556171847,0.024178156556171847,1.0,62989.75,63013.65000000001,63013.65000000001,0.0003794268115051851,3.175119761502302e-06,0.0,7.937799405488407e-07,7.937799404856773e-07,7.937799404856773e-07
immediate_120_4_SELL_0.02,immediate,120.0,4,SELL,0.02,1.2089078278085923,0.024178156556171847,0.024178156556171847,1.0,62989.75,63013.65000000001,63013.65000000001,-0.0003794268115051851,1.587559880866661e-06,-0.0,7.937799403178204e-07,7.937799403363817e-07,7.937799403363817e-07
immediate_120_4_BUY_0.05,immediate,120.0,4,BUY,0.05,1.2089078278085923,0.06044539139042962,0.06044539139042962,1.0,62989.75,63013.65000000001,63013.65000000001,0.0003794268115051851,4.7626796421379425e-06,0.0,7.937799404333305e-07,7.937799403960999e-07,7.937799403960999e-07
immediate_120_4_SELL_0.05,immediate,120.0,4,SELL,0.05,1.2089078278085923,0.06044539139042962,0.06044539139042962,1.0,62989.75,63013.65000000001,63013.65000000001,-0.0003794268115051851,3.175119761733322e-06,-0.0,7.937799403178204e-07,7.937799402766634e-07,7.937799402766634e-07
immediate_120_4_BUY_0.1,immediate,120.0,4,BUY,0.1,1.2089078278085923,0.12089078278085924,0.12089078278085924,1.0,62989.75,63013.65000000001,63013.65000000001,0.0003794268115051851,9.525359284506905e-06,0.0,3.933905980281595e-06,3.933905980250244e-06,3.933905980250244e-06
immediate_120_4_SELL_0.1,immediate,120.0,4,SELL,0.1,1.2089078278085923,0.12089078278085924,0.12089078278085924,1.0,62989.75,63013.65000000001,63013.65000000001,-0.0003794268115051851,4.762679642368963e-06,-0.0,7.937799403178204e-07,7.937799402766634e-07,7.937799402766634e-07
immediate_120_4_BUY_0.2,immediate,120.0,4,BUY,0.2,1.2089078278085923,0.24178156556171848,0.24178156556171848,1.0,62989.75,63013.65000000001,63013.65000000001,0.0003794268115051851,1.2700479046009207e-05,0.0,5.538962721802009e-06,5.538962721788135e-06,5.538962721788135e-06
immediate_120_4_SELL_0.2,immediate,120.0,4,SELL,0.2,1.2089078278085923,0.24178156556171848,0.24178156556171848,1.0,62989.75,63013.65000000001,63013.65000000001,-0.0003794268115051851,7.937799403871265e-06,-0.0,7.937799403178204e-07,7.937799402766634e-07,7.937799402766634e-07
immediate_300_0_BUY_0.001,immediate,300.0,0,BUY,0.001,3.744126938610444,0.003744126938610444,0.003744126938610444,1.0,63057.350000000006,63073.350000000006,63073.350000000006,0.000253737272498765,1.5858579532095902e-06,0.0,7.929289764894088e-07,7.929289764630006e-07,7.929289764630006e-07
immediate_300_0_SELL_0.001,immediate,300.0,0,SELL,0.001,3.744126938610444,0.003744126938610444,0.003744126938610444,1.0,63057.350000000006,63073.350000000006,63073.350000000006,-0.000253737272498765,1.5858579532095902e-06,-0.0,7.929289766047951e-07,7.929289765833833e-07,7.929289765833833e-07
immediate_300_0_BUY_0.0025,immediate,300.0,0,BUY,0.0025,3.744126938610444,0.00936031734652611,0.00936031734652611,1.0,63057.350000000006,63073.350000000006,63073.350000000006,0.000253737272498765,1.5858579532095902e-06,0.0,7.929289764894088e-07,7.929289763907711e-07,7.929289763907711e-07
immediate_300_0_SELL_0.0025,immediate,300.0,0,SELL,0.0025,3.744126938610444,0.00936031734652611,0.00936031734652611,1.0,63057.350000000006,63073.350000000006,63073.350000000006,-0.000253737272498765,1.5858579532095902e-06,-0.0,7.929289767201814e-07,7.929289767759956e-07,7.929289767759956e-07
immediate_300_0_BUY_0.005,immediate,300.0,0,BUY,0.005,3.744126938610444,0.01872063469305222,0.01872063469305222,1.0,63057.350000000006,63073.350000000006,63073.350000000006,0.000253737272498765,3.1717159064191805e-06,0.0,7.929289764894088e-07,7.929289763907711e-07,7.929289763907711e-07
immediate_300_0_SELL_0.005,immediate,300.0,0,SELL,0.005,3.744126938610444,0.01872063469305222,0.01872063469305222,1.0,63057.350000000006,63073.350000000006,63073.350000000006,-0.000253737272498765,1.5858579532095902e-06,-0.0,7.929289767201814e-07,7.929289767759956e-07,7.929289767759956e-07
immediate_300_0_BUY_0.01,immediate,300.0,0,BUY,0.01,3.744126938610444,0.03744126938610444,0.03744126938610444,1.0,63057.350000000006,63073.350000000006,63073.350000000006,0.000253737272498765,3.1717159064191805e-06,0.0,7.929289764894088e-07,7.929289763907711e-07,7.929289763907711e-07
immediate_300_0_SELL_0.01,immediate,300.0,0,SELL,0.01,3.744126938610444,0.03744126938610444,0.03744126938610444,1.0,63057.350000000006,63073.350000000006,63073.350000000006,-0.000253737272498765,3.171715906188408e-06,-0.0,7.929289767201814e-07,7.929289767759956e-07,7.929289767759956e-07
immediate_300_0_BUY_0.02,immediate,300.0,0,BUY,0.02,3.744126938610444,0.07488253877220888,0.07488253877220888,1.0,63057.350000000006,63073.350000000006,63073.350000000006,0.000253737272498765,4.757573859397998e-06,0.0,7.929289764894088e-07,7.929289763907711e-07,7.929289763907711e-07
immediate_300_0_SELL_0.02,immediate,300.0,0,SELL,0.02,3.744126938610444,0.07488253877220888,0.07488253877220888,1.0,63057.350000000006,63073.350000000006,63073.350000000006,-0.000253737272498765,4.757573859167226e-06,-0.0,7.929289767201814e-07,7.929289767759956e-07,7.929289767759956e-07
immediate_300_0_BUY_0.05,immediate,300.0,0,BUY,0.05,3.744126938610444,0.1872063469305222,0.1872063469305222,1.0,63057.350000000006,63073.350000000006,63073.350000000006,0.000253737272498765,7.929289765586406e-06,0.0,7.929289764894088e-07,7.92928976544861e-07,7.92928976544861e-07
immediate_300_0_SELL_0.05,immediate,300.0,0,SELL,0.05,3.744126938610444,0.1872063469305222,0.1872063469305222,1.0,63057.350000000006,63073.350000000006,63073.350000000006,-0.000253737272498765,6.343431812376816e-06,-0.0,7.929289766047951e-07,7.92928976544861e-07,7.92928976544861e-07
immediate_300_0_BUY_0.1,immediate,300.0,0,BUY,0.1,3.744126938610444,0.3744126938610444,0.3744126938610444,1.0,63057.350000000006,63073.350000000006,63073.350000000006,0.000253737272498765,1.1101005672005586e-05,0.0,7.929289764894088e-07,7.92928976544861e-07,7.92928976544861e-07
immediate_300_0_SELL_0.1,immediate,300.0,0,SELL,0.1,3.744126938610444,0.3744126938610444,0.3744126938610444,1.0,63057.350000000006,63073.350000000006,63073.350000000006,-0.000253737272498765,1.4272721577963222e-05,-0.0,3.133944642246181e-06,3.1339446422123674e-06,3.1339446422123674e-06
immediate_300_0_BUY_0.2,immediate,300.0,0,BUY,0.2,3.744126938610444,0.7488253877220888,0.7488253877220888,1.0,63057.350000000006,63073.350000000006,63073.350000000006,0.000253737272498765,1.5858579531172813e-05,0.0,7.929289764894088e-07,7.92928976544861e-07,7.92928976544861e-07
immediate_300_0_SELL_0.2,immediate,300.0,0,SELL,0.2,3.744126938610444,0.7488253877220888,0.7488253877220888,1.0,63057.350000000006,63073.350000000006,63073.350000000006,-0.000253737272498765,2.5373727249738037e-05,-0.0,7.3798291662063e-06,7.379829166122545e-06,7.379829166122545e-06
immediate_300_1_BUY_0.001,immediate,300.0,1,BUY,0.001,4.911742951444921,0.004911742951444921,0.004911742951444921,1.0,63004.75,63029.15000000001,63029.15000000001,0.0003872723881930923,1.587181918915967e-06,0.0,7.935909594579834e-07,7.935909593735107e-07,7.935909593735107e-07
immediate_300_1_SELL_0.001,immediate,300.0,1,SELL,0.001,4.911742951444921,0.004911742951444921,0.004911742951444921,1.0,63004.75,63029.15000000001,63029.15000000001,-0.0003872723881930923,1.587181918915967e-06,-0.0,7.935909593425008e-07,7.935909593735107e-07,7.935909593735107e-07
immediate_300_1_BUY_0.0025,immediate,300.0,1,BUY,0.0025,4.911742951444921,0.012279357378612304,0.012279357378612304,1.0,63004.75,63029.15000000001,63029.15000000001,0.0003872723881930923,1.587181918915967e-06,0.0,7.935909594579834e-07,7.935909594469842e-07,7.935909594469842e-07
immediate_300_1_SELL_0.0025,immediate,300.0,1,SELL,0.0025,4.911742951444921,0.012279357378612304,0.012279357378612304,1.0,63004.75,63029.15000000001,63029.15000000001,-0.0003872723881930923,3.174363837831934e-06,-0.0,7.935909593425008e-07,7.935909594469842e-07,7.935909594469842e-07
immediate_300_1_BUY_0.005,immediate,300.0,1,BUY,0.005,4.911742951444921,0.024558714757224608,0.024558714757224608,1.0,63004.75,63029.15000000001,63029.15000000001,0.0003872723881930923,3.1743638376009687e-06,0.0,7.935909594579834e-07,7.935909594469842e-07,7.935909594469842e-07
immediate_300_1_SELL_0.005,immediate,300.0,1,SELL,0.005,4.911742951444921,0.024558714757224608,0.024558714757224608,1.0,63004.75,63029.15000000001,63029.15000000001,-0.0003872723881930923,3.174363837831934e-06,-0.0,7.935909593425008e-07,7.935909594469842e-07,7.935909594469842e-07
immediate_300_1_BUY_0.01,immediate,300.0,1,BUY,0.01,4.911742951444921,0.049117429514449217,0.049117429514449217,1.0,63004.75,63029.15000000001,63029.15000000001,0.0003872723881930923,3.1743638376009687e-06,0.0,7.935909594579834e-07,7.935909594469842e-07,7.935909594469842e-07
immediate_300_1_SELL_0.01,immediate,300.0,1,SELL,0.01,4.911742951444921,0.049117429514449217,0.049117429514449217,1.0,63004.75,63029.15000000001,63029.15000000001,-0.0003872723881930923,4.761545756516935e-06,-0.0,7.935909593425008e-07,7.935909594469842e-07,7.935909594469842e-07
immediate_300_1_BUY_0.02,immediate,300.0,1,BUY,0.02,4.911742951444921,0.09823485902889843,0.09823485902889843,1.0,63004.75,63029.15000000001,63029.15000000001,0.0003872723881930923,4.761545756516935e-06,0.0,7.935909594579834e-07,7.935909594469842e-07,7.935909594469842e-07
immediate_300_1_SELL_0.02,immediate,300.0,1,SELL,0.02,4.911742951444921,0.09823485902889843,0.09823485902889843,1.0,63004.75,63029.15000000001,63029.15000000001,-0.0003872723881930923,6.348727675432902e-06,-0.0,7.935909593425008e-07,7.935909594469842e-07,7.935909594469842e-07
immediate_300_1_BUY_0.05,immediate,300.0,1,BUY,0.05,4.911742951444921,0.2455871475722461,0.2455871475722461,1.0,63004.75,63029.15000000001,63029.15000000001,0.0003872723881930923,7.935909594117904e-06,0.0,7.935909594579834e-07,7.935909594469842e-07,7.935909594469842e-07
immediate_300_1_SELL_0.05,immediate,300.0,1,SELL,0.05,4.911742951444921,0.2455871475722461,0.2455871475722461,1.0,63004.75,63029.15000000001,63029.15000000001,-0.0003872723881930923,9.52309151303387e-06,-0.0,7.935909593425008e-07,7.935909593294264e-07,7.935909593294264e-07
immediate_300_1_BUY_0.1,immediate,300.0,1,BUY,0.1,4.911742951444921,0.4911742951444922,0.4911742951444922,1.0,63004.75,63029.15000000001,63029.15000000001,0.0003872723881930923,1.1110273431718872e-05,0.0,7.935909594579834e-07,7.935909594469842e-07,7.935909594469842e-07
immediate_300_1_SELL_0.1,immediate,300.0,1,SELL,0.1,4.911742951444921,0.4911742951444922,0.4911742951444922,1.0,63004.75,63029.15000000001,63029.15000000001,-0.0003872723881930923,1.2697455350634838e-05,-0.0,7.935909593425008e-07,7.935909593294264e-07,7.935909593294264e-07
immediate_300_1_BUY_0.2,immediate,300.0,1,BUY,0.2,4.911742951444921,0.9823485902889844,0.9823485902889844,1.0,63004.75,63029.15000000001,63029.15000000001,0.0003872723881930923,3.650518413275759e-05,0.0,9.58748763378547e-06,9.587487633760929e-06,9.587487633760929e-06
immediate_300_1_SELL_0.2,immediate,300.0,1,SELL,0.2,4.911742951444921,0.9823485902889844,0.9823485902889844,1.0,63004.75,63029.15000000001,63029.15000000001,-0.0003872723881930923,1.7459001107151775e-05,-0.0,7.935909593425008e-07,7.935909593294264e-07,7.935909593294264e-07
immediate_300_2_BUY_0.001,immediate,300.0,2,BUY,0.001,4.002363041637925,0.004002363041637925,0.004002363041637925,1.0,63018.55,63025.05,63025.05,0.00010314423292824096,1.5868343528345346e-06,0.0,7.9341717630181e-07,7.934171763058502e-07,7.934171763058502e-07
immediate_300_2_SELL_0.001,immediate,300.0,2,SELL,0.001,4.002363041637925,0.004002363041637925,0.004002363041637925,1.0,63018.55,63025.05,63025.05,-0.00010314423292824096,1.5868343528345346e-06,-0.0,7.934171764172673e-07,7.93417176418535e-07,7.93417176418535e-07
immediate_300_2_BUY_0.0025,immediate,300.0,2,BUY,0.0025,4.002363041637925,0.010005907604094812,0.010005907604094812,1.0,63018.55,63025.05,63025.05,0.00010314423292824096,1.5868343528345346e-06,0.0,7.9341717630181e-07,7.934171762157024e-07,7.934171762157024e-07
immediate_300_2_SELL_0.0025,immediate,300.0,2,SELL,0.0025,4.002363041637925,0.010005907604094812,0.010005907604094812,1.0,63018.55,63025.05,63025.05,-0.00010314423292824096,1.5868343528345346e-06,-0.0,7.9341717630181e-07,7.934171763959981e-07,7.934171763959981e-07
immediate_300_2_BUY_0.005,immediate,300.0,2,BUY,0.005,4.002363041637925,0.020011815208189624,0.020011815208189624,1.0,63018.55,63025.05,63025.05,0.00010314423292824096,3.1736687054381546e-06,0.0,7.9341717630181e-07,7.934171762157024e-07,7.934171762157024e-07
immediate_300_2_SELL_0.005,immediate,300.0,2,SELL,0.005,4.002363041637925,0.020011815208189624,0.020011815208189624,1.0,63018.55,63025.05,63025.05,-0.00010314423292824096,1.5868343528345346e-06,-0.0,7.9341717630181e-07,7.934171763959981e-07,7.934171763959981e-07
immediate_300_2_BUY_0.01,immediate,300.0,2,BUY,0.01,4.002363041637925,0.04002363041637925,0.04002363041637925,1.0,63018.55,63025.05,63025.05,0.00010314423292824096,3.1736687054381546e-06,0.0,7.9341717630181e-07,7.934171762157024e-07,7.934171762157024e-07
immediate_300_2_SELL_0.01,immediate,300.0,2,SELL,0.01,4.002363041637925,0.04002363041637925,0.04002363041637925,1.0,63018.55,63025.05,63025.05,-0.00010314423292824096,3.1736687054381546e-06,-0.0,7.9341717630181e-07,7.934171763959981e-07,7.934171763959981e-07
immediate_300_2_BUY_0.02,immediate,300.0,2,BUY,0.02,4.002363041637925,0.0800472608327585,0.0800472608327585,1.0,63018.55,63025.05,63025.05,0.00010314423292824096,4.760503058272689e-06,0.0,7.9341717630181e-07,7.934171762157024e-07,7.934171762157024e-07
immediate_300_2_SELL_0.02,immediate,300.0,2,SELL,0.02,4.002363041637925,0.0800472608327585,0.0800472608327585,1.0,63018.55,63025.05,63025.05,-0.00010314423292824096,4.760503058272689e-06,-0.0,7.9341717630181e-07,7.934171763959981e-07,7.934171763959981e-07
immediate_300_2_BUY_0.05,immediate,300.0,2,BUY,0.05,4.002363041637925,0.20011815208189626,0.20011815208189626,1.0,63018.55,63025.05,63025.05,0.00010314423292824096,7.934171763710843e-06,0.0,7.9341717630181e-07,7.934171762878207e-07,7.934171762878207e-07
immediate_300_2_SELL_0.05,immediate,300.0,2,SELL,0.05,4.002363041637925,0.20011815208189626,0.20011815208189626,1.0,63018.55,63025.05,63025.05,-0.00010314423292824096,7.934171763710843e-06,-0.0,7.934171764172673e-07,7.934171764320572e-07,7.934171764320572e-07
immediate_300_2_BUY_0.1,immediate,300.0,2,BUY,0.1,4.002363041637925,0.4002363041637925,0.4002363041637925,1.0,63018.55,63025.05,63025.05,0.00010314423292824096,1.1107840469148998e-05,0.0,7.9341717630181e-07,7.934171762878207e-07,7.934171762878207e-07
immediate_300_2_SELL_0.1,immediate,300.0,2,SELL,0.1,4.002363041637925,0.4002363041637925,0.4002363041637925,1.0,63018.55,63025.05,63025.05,-0.00010314423292824096,1.1107840469148998e-05,-0.0,7.934171764172673e-07,7.934171764320572e-07,7.934171764320572e-07
immediate_300_2_BUY_0.2,immediate,300.0,2,BUY,0.2,4.002363041637925,0.800472608327585,0.800472608327585,1.0,63018.55,63025.05,63025.05,0.00010314423292824096,2.6976183996570686e-05,0.0,5.6222667866222354e-06,5.622266786663592e-06,5.622266786663592e-06
immediate_300_2_SELL_0.2,immediate,300.0,2,SELL,0.2,4.002363041637925,0.800472608327585,0.800472608327585,1.0,63018.55,63025.05,63025.05,-0.00010314423292824096,2.0628846585694376e-05,-0.0,3.2490481937941907e-06,3.2490481937163116e-06,3.2490481937163116e-06
immediate_300_3_BUY_0.001,immediate,300.0,3,BUY,0.001,9.956051119987377,0.009956051119987376,0.009956051119987376,1.0,62967.350000000006,62944.65000000001,62944.65000000001,-0.00036050429309788466,1.5881246392903743e-06,0.0,7.940623195296359e-07,7.940623195512083e-07,7.940623195512083e-07
immediate_300_3_SELL_0.001,immediate,300.0,3,SELL,0.001,9.956051119987377,0.009956051119987376,0.009956051119987376,1.0,62967.350000000006,62944.65000000001,62944.65000000001,0.00036050429309788466,1.5881246392903743e-06,-0.0,7.940623195296359e-07,7.940623195512083e-07,7.940623195512083e-07
immediate_300_3_BUY_0.0025,immediate,300.0,3,BUY,0.0025,9.956051119987377,0.024890127799968444,0.024890127799968444,1.0,62967.350000000006,62944.65000000001,62944.65000000001,-0.00036050429309788466,4.7643739176400204e-06,0.0,3.2575595221267562e-06,3.2575595220864866e-06,3.2575595220864866e-06
immediate_300_3_SELL_0.0025,immediate,300.0,3,SELL,0.0025,9.956051119987377,0.024890127799968444,0.024890127799968444,1.0,62967.350000000006,62944.65000000001,62944.65000000001,0.00036050429309788466,3.1762492783496463e-06,-0.0,7.940623196451872e-07,7.940623196600157e-07,7.940623196600157e-07
immediate_300_3_BUY_0.005,immediate,300.0,3,BUY,0.005,9.956051119987377,0.04978025559993689,0.04978025559993689,1.0,62967.350000000006,62944.65000000001,62944.65000000001,-0.00036050429309788466,4.7643739176400204e-06,0.0,5.202060199177842e-06,5.202060199078084e-06,5.202060199078084e-06
immediate_300_3_SELL_0.005,immediate,300.0,3,SELL,0.005,9.956051119987377,0.04978025559993689,0.04978025559993689,1.0,62967.350000000006,62944.65000000001,62944.65000000001,0.00036050429309788466,3.1762492783496463e-06,-0.0,7.940623196451872e-07,7.940623196600157e-07,7.940623196600157e-07
immediate_300_3_BUY_0.01,immediate,300.0,3,BUY,0.01,9.956051119987377,0.09956051119987377,0.09956051119987377,1.0,62967.350000000006,62944.65000000001,62944.65000000001,-0.00036050429309788466,7.940623195989668e-06,0.0,6.174310537818937e-06,6.174310537791497e-06,6.174310537791497e-06
immediate_300_3_SELL_0.01,immediate,300.0,3,SELL,0.01,9.956051119987377,0.09956051119987377,0.09956051119987377,1.0,62967.350000000006,62944.65000000001,62944.65000000001,0.00036050429309788466,4.7643739176400204e-06,-0.0,7.940623196451872e-07,7.940623196600157e-07,7.940623196600157e-07
immediate_300_3_BUY_0.02,immediate,300.0,3,BUY,0.02,9.956051119987377,0.19912102239974755,0.19912102239974755,1.0,62967.350000000006,62944.65000000001,62944.65000000001,-0.00036050429309788466,9.528747835280041e-06,0.0,6.660435707139484e-06,6.660435707148204e-06,6.660435707148204e-06
immediate_300_3_SELL_0.02,immediate,300.0,3,SELL,0.02,9.956051119987377,0.19912102239974755,0.19912102239974755,1.0,62967.350000000006,62944.65000000001,62944.65000000001,0.00036050429309788466,7.940623195989668e-06,-0.0,7.940623196451872e-07,7.940623196600157e-07,7.940623196600157e-07
immediate_300_3_BUY_0.05,immediate,300.0,3,BUY,0.05,9.956051119987377,0.49780255599936885,0.49780255599936885,1.0,62967.350000000006,62944.65000000001,62944.65000000001,-0.00036050429309788466,1.4293121752920061e-05,0.0,6.9521108086624815e-06,6.952110808588137e-06,6.952110808588137e-06
immediate_300_3_SELL_0.05,immediate,300.0,3,SELL,0.05,9.956051119987377,0.49780255599936885,0.49780255599936885,1.0,62967.350000000006,62944.65000000001,62944.65000000001,0.00036050429309788466,1.7469371031038607e-05,-0.0,3.2141350110679807e-06,3.2141350110675715e-06,3.2141350110675715e-06
immediate_300_3_BUY_0.1,immediate,300.0,3,BUY,0.1,9.956051119987377,0.9956051119987377,0.9956051119987377,1.0,62967.350000000006,62944.65000000001,62944.65000000001,-0.00036050429309788466,1.9057495670560082e-05,0.0,7.04933584250348e-06,7.049335842430463e-06,7.049335842430463e-06
immediate_300_3_SELL_0.1,immediate,300.0,3,SELL,0.1,9.956051119987377,0.9956051119987377,0.9956051119987377,1.0,62967.350000000006,62944.65000000001,62944.65000000001,0.00036050429309788466,2.3821869587969e-05,-0.0,5.180347943821781e-06,5.180347943844273e-06,5.180347943844273e-06
immediate_300_3_BUY_0.2,immediate,300.0,3,BUY,0.2,9.956051119987377,1.9912102239974754,1.9912102239974754,1.0,62967.350000000006,62944.65000000001,62944.65000000001,-0.00036050429309788466,3.335061742324904e-05,0.0,7.657629003642323e-06,7.657629003553603e-06,7.657629003553603e-06
immediate_300_3_SELL_0.2,immediate,300.0,3,SELL,0.2,9.956051119987377,1.9912102239974754,1.9912102239974754,1.0,62967.350000000006,62944.65000000001,62944.65000000001,0.00036050429309788466,5.240811309334692e-05,-0.0,1.1587327904803871e-05,1.1587327904805467e-05,1.1587327904805467e-05
immediate_300_4_BUY_0.001,immediate,300.0,4,BUY,0.001,23.556856824086125,0.023556856824086127,0.023556856824086127,1.0,62957.45,62915.350000000006,62915.350000000006,-0.0006687056098998812,1.5883743704012913e-06,0.0,7.941871852006456e-07,7.941871852483333e-07,7.941871852483333e-07
immediate_300_4_SELL_0.001,immediate,300.0,4,SELL,0.001,23.556856824086125,0.023556856824086127,0.023556856824086127,1.0,62957.45,62915.350000000006,62915.350000000006,0.0006687056098998812,3.1767487405714434e-06,-0.0,7.941871850850761e-07,7.941871850950214e-07,7.941871850950214e-07
immediate_300_4_BUY_0.0025,immediate,300.0,4,BUY,0.0025,23.556856824086125,0.05889214206021531,0.05889214206021531,1.0,62957.45,62915.350000000006,62915.350000000006,-0.0006687056098998812,3.1767487405714434e-06,0.0,7.941871852006456e-07,7.941871852789958e-07,7.941871852789958e-07
immediate_300_4_SELL_0.0025,immediate,300.0,4,SELL,0.0025,23.556856824086125,0.05889214206021531,0.05889214206021531,1.0,62957.45,62915.350000000006,62915.350000000006,0.0006687056098998812,6.353497481142887e-06,-0.0,1.3399908504483114e-06,1.3399908503514462e-06,1.3399908503514462e-06
immediate_300_4_BUY_0.005,immediate,300.0,4,BUY,0.005,23.556856824086125,0.11778428412043063,0.11778428412043063,1.0,62957.45,62915.350000000006,62915.350000000006,-0.0006687056098998812,4.765123110972735e-06,0.0,7.941871852006456e-07,7.941871852789958e-07,7.941871852789958e-07
immediate_300_4_SELL_0.005,immediate,300.0,4,SELL,0.005,23.556856824086125,0.11778428412043063,0.11778428412043063,1.0,62957.45,62915.350000000006,62915.350000000006,0.0006687056098998812,9.530246221714331e-06,-0.0,4.243837758395922e-06,4.2438377583179566e-06,4.2438377583179566e-06
immediate_300_4_BUY_0.01,immediate,300.0,4,BUY,0.01,23.556856824086125,0.23556856824086125,0.23556856824086125,1.0,62957.45,62915.350000000006,62915.350000000006,-0.0006687056098998812,7.147684666459102e-06,0.0,7.941871852006456e-07,7.941871852789958e-07,7.941871852789958e-07
immediate_300_4_SELL_0.01,immediate,300.0,4,SELL,0.01,23.556856824086125,0.23556856824086125,0.23556856824086125,1.0,62957.45,62915.350000000006,62915.350000000006,0.0006687056098998812,1.1118620592115622e-05,-0.0,5.695761212369727e-06,5.695761212362536e-06,5.695761212362536e-06
immediate_300_4_BUY_0.02,immediate,300.0,4,BUY,0.02,23.556856824086125,0.4711371364817225,0.4711371364817225,1.0,62957.45,62915.350000000006,62915.350000000006,-0.0006687056098998812,1.3501182147601989e-05,0.0,3.4646757060111484e-06,3.464675706023194e-06,3.464675706023194e-06
immediate_300_4_SELL_0.02,immediate,300.0,4,SELL,0.02,23.556856824086125,0.4711371364817225,0.4711371364817225,1.0,62957.45,62915.350000000006,62915.350000000006,0.0006687056098998812,1.5883743703088357e-05,-0.0,6.421722939472199e-06,6.421722939384826e-06,6.421722939384826e-06
immediate_300_4_BUY_0.05,immediate,300.0,4,BUY,0.05,23.556856824086125,1.1778428412043063,1.1778428412043063,1.0,62957.45,62915.350000000006,62915.350000000006,-0.0006687056098998812,2.1443053999146166e-05,0.0,1.593210676508284e-05,1.5932106765072822e-05,1.5932106765072822e-05
immediate_300_4_SELL_0.05,immediate,300.0,4,SELL,0.05,23.556856824086125,1.1778428412043063,1.1778428412043063,1.0,62957.45,62915.350000000006,62915.350000000006,0.0006687056098998812,2.2237241184231245e-05,-0.0,6.8572999754100884e-06,6.85729997550008e-06,6.85729997550008e-06
immediate_300_4_BUY_0.1,immediate,300.0,4,BUY,0.1,23.556856824086125,2.3556856824086125,2.355685682408612,0.9999999999999998,62957.45,62915.350000000006,62915.350000000006,-0.0006687056098998812,2.1443053999146166e-05,0.0,2.4799163610006224e-05,2.4799163610005627e-05,2.479916361000574e-05
immediate_300_4_SELL_0.1,immediate,300.0,4,SELL,0.1,23.556856824086125,2.3556856824086125,2.3556856824086125,1.0,62957.45,62915.350000000006,62915.350000000006,0.0006687056098998812,3.0179113035775422e-05,-0.0,7.002492321107949e-06,7.002492321125307e-06,7.002492321125307e-06
immediate_300_4_BUY_0.2,immediate,300.0,4,BUY,0.2,23.556856824086125,4.711371364817225,2.8981070787615404,0.6151302570634805,62957.45,62915.350000000006,62915.350000000006,-0.0006687056098998812,1.508955651800328e-05,0.0,2.746352340289343e-05,1.6893644210700554e-05,0.00020932851567896033
immediate_300_4_SELL_0.2,immediate,300.0,4,SELL,0.2,23.556856824086125,4.711371364817225,4.711371364817225,1.0,62957.45,62915.350000000006,62915.350000000006,0.0006687056098998812,4.288610799829233e-05,-0.0,7.075088493610172e-06,7.075088493643562e-06,7.075088493643562e-06
immediate_600_0_BUY_0.001,immediate,600.0,0,BUY,0.001,17.371749283631743,0.017371749283631745,0.017371749283631745,1.0,63008.850000000006,62991.15000000001,62991.15000000001,-0.0002809129193755653,1.5870786404016078e-06,0.0,7.93539320316279e-07,7.935393201802464e-07,7.935393201802464e-07
immediate_600_0_SELL_0.001,immediate,600.0,0,SELL,0.001,17.371749283631743,0.017371749283631745,0.017371749283631745,1.0,63008.850000000006,62991.15000000001,62991.15000000001,0.0002809129193755653,3.174157281034166e-06,-0.0,7.93539320316279e-07,7.935393203879745e-07,7.935393203879745e-07
immediate_600_0_BUY_0.0025,immediate,600.0,0,BUY,0.0025,17.371749283631743,0.04342937320907936,0.04342937320907936,1.0,63008.850000000006,62991.15000000001,62991.15000000001,-0.0002809129193755653,3.174157281034166e-06,0.0,7.935393202008039e-07,7.935393202633378e-07,7.935393202633378e-07
immediate_600_0_SELL_0.0025,immediate,600.0,0,SELL,0.0025,17.371749283631743,0.04342937320907936,0.04342937320907936,1.0,63008.850000000006,62991.15000000001,62991.15000000001,0.0002809129193755653,4.761235921666724e-06,-0.0,7.93539320316279e-07,7.935393202633378e-07,7.935393202633378e-07
immediate_600_0_BUY_0.005,immediate,600.0,0,BUY,0.005,17.371749283631743,0.08685874641815872,0.08685874641815872,1.0,63008.850000000006,62991.15000000001,62991.15000000001,-0.0002809129193755653,4.761235921666724e-06,0.0,7.935393202008039e-07,7.935393202633378e-07,7.935393202633378e-07
immediate_600_0_SELL_0.005,immediate,600.0,0,SELL,0.005,17.371749283631743,0.08685874641815872,0.08685874641815872,1.0,63008.850000000006,62991.15000000001,62991.15000000001,0.0002809129193755653,7.93539320270089e-06,-0.0,3.414251274954197e-06,3.4142512748590135e-06,3.4142512748590135e-06
immediate_600_0_BUY_0.01,immediate,600.0,0,BUY,0.01,17.371749283631743,0.17371749283631743,0.17371749283631743,1.0,63008.850000000006,62991.15000000001,62991.15000000001,-0.0002809129193755653,9.522471843102497e-06,0.0,2.556035522785624e-06,2.556035522797132e-06,2.556035522797132e-06
immediate_600_0_SELL_0.01,immediate,600.0,0,SELL,0.01,17.371749283631743,0.17371749283631743,0.17371749283631743,1.0,63008.850000000006,62991.15000000001,62991.15000000001,0.0002809129193755653,1.1109550483735056e-05,-0.0,5.278052578553929e-06,5.278052578531436e-06,5.278052578531436e-06
immediate_600_0_BUY_0.02,immediate,600.0,0,BUY,0.02,17.371749283631743,0.34743498567263487,0.34743498567263487,1.0,63008.850000000006,62991.15000000001,62991.15000000001,-0.0002809129193755653,1.2696629124367614e-05,0.0,4.848944702585118e-06,4.848944702666678e-06,4.848944702666678e-06
immediate_600_0_SELL_0.02,immediate,600.0,0,SELL,0.02,17.371749283631743,0.34743498567263487,0.34743498567263487,1.0,63008.850000000006,62991.15000000001,62991.15000000001,0.0002809129193755653,1.4283707765000172e-05,-0.0,6.209953230527008e-06,6.20995323053383e-06,6.20995323053383e-06
immediate_600_0_BUY_0.05,immediate,600.0,0,BUY,0.05,17.371749283631743,0.8685874641815872,0.8685874641815872,1.0,63008.850000000006,62991.15000000001,62991.15000000001,-0.0002809129193755653,2.0632022327068503e-05,0.0,6.224690210534098e-06,6.224690210455459e-06,6.224690210455459e-06
immediate_600_0_SELL_0.05,immediate,600.0,0,SELL,0.05,17.371749283631743,0.8685874641815872,0.8685874641815872,1.0,63008.850000000006,62991.15000000001,62991.15000000001,0.0002809129193755653,2.3806179608102668e-05,-0.0,7.375671370136813e-06,7.37567137017532e-06,7.37567137017532e-06
immediate_600_0_BUY_0.1,immediate,600.0,0,BUY,0.1,17.371749283631743,1.7371749283631743,1.7371749283631743,1.0,63008.850000000006,62991.15000000001,62991.15000000001,-0.0002809129193755653,3.967696601350445e-05,0.0,8.719826150482037e-06,8.719826150413018e-06,8.719826150413018e-06
immediate_600_0_SELL_0.1,immediate,600.0,0,SELL,0.1,17.371749283631743,1.7371749283631743,1.7371749283631743,1.0,63008.850000000006,62991.15000000001,62991.15000000001,0.0002809129193755653,4.2851123294538614e-05,-0.0,1.2947380890020922e-05,1.2947380890050567e-05,1.2947380890050567e-05
immediate_600_0_BUY_0.2,immediate,600.0,0,BUY,0.2,17.371749283631743,3.4743498567263487,3.4743498567263487,1.0,63008.850000000006,62991.15000000001,62991.15000000001,-0.0002809129193755653,5.7134831059307836e-05,0.0,1.427915457861713e-05,1.4279154578581323e-05,1.4279154578581323e-05
immediate_600_0_SELL_0.2,immediate,600.0,0,SELL,0.2,17.371749283631743,3.4743498567263487,3.474349856726349,1.0000000000000002,63008.850000000006,62991.15000000001,62991.15000000001,0.0002809129193755653,6.586376358244048e-05,-0.0,1.776738309158438e-05,1.776738309161216e-05,1.7767383091612047e-05
immediate_600_1_BUY_0.001,immediate,600.0,1,BUY,0.001,18.53275921366127,0.01853275921366127,0.01853275921366127,1.0,63032.95,63080.25,63080.25,0.0007504011790659157,3.1729436748818125e-06,0.0,7.932359187204531e-07,7.932359186667535e-07,7.932359186667535e-07
immediate_600_1_SELL_0.001,immediate,600.0,1,SELL,0.001,18.53275921366127,0.01853275921366127,0.01853275921366127,1.0,63032.95,63080.25,63080.25,-0.0007504011790659157,1.5864718372100443e-06,-0.0,7.932359186050221e-07,7.932359186667535e-07,7.932359186667535e-07
immediate_600_1_BUY_0.0025,immediate,600.0,1,BUY,0.0025,18.53275921366127,0.04633189803415317,0.04633189803415317,1.0,63032.95,63080.25,63080.25,0.0007504011790659157,4.7594155120918566e-06,0.0,7.932359187204531e-07,7.932359187446096e-07,7.932359187446096e-07
immediate_600_1_SELL_0.0025,immediate,600.0,1,SELL,0.0025,18.53275921366127,0.04633189803415317,0.04633189803415317,1.0,63032.95,63080.25,63080.25,-0.0007504011790659157,3.1729436746509503e-06,-0.0,7.932359186050221e-07,7.932359185888975e-07,7.932359185888975e-07
immediate_600_1_BUY_0.005,immediate,600.0,1,BUY,0.005,18.53275921366127,0.09266379606830634,0.09266379606830634,1.0,63032.95,63080.25,63080.25,0.0007504011790659157,6.345887349532763e-06,0.0,7.932359187204531e-07,7.932359187446096e-07,7.932359187446096e-07
immediate_600_1_SELL_0.005,immediate,600.0,1,SELL,0.005,18.53275921366127,0.09266379606830634,0.09266379606830634,1.0,63032.95,63080.25,63080.25,-0.0007504011790659157,4.759415511860994e-06,-0.0,7.932359186050221e-07,7.932359185888975e-07,7.932359185888975e-07
immediate_600_1_BUY_0.01,immediate,600.0,1,BUY,0.01,18.53275921366127,0.18532759213661268,0.18532759213661268,1.0,63032.95,63080.25,63080.25,0.0007504011790659157,1.110530286162462e-05,0.0,2.234068276275442e-06,2.2340682762943122e-06,2.2340682762943122e-06
immediate_600_1_SELL_0.01,immediate,600.0,1,SELL,0.01,18.53275921366127,0.18532759213661268,0.18532759213661268,1.0,63032.95,63080.25,63080.25,-0.0007504011790659157,6.345887349301901e-06,-0.0,7.932359186050221e-07,7.932359185888975e-07,7.932359185888975e-07
immediate_600_1_BUY_0.02,immediate,600.0,1,BUY,0.02,18.53275921366127,0.37065518427322536,0.37065518427322536,1.0,63032.95,63080.25,63080.25,0.0007504011790659157,1.5864718373485615e-05,0.0,4.686595772264329e-06,4.686595772264331e-06,4.686595772264331e-06
immediate_600_1_SELL_0.02,immediate,600.0,1,SELL,0.02,18.53275921366127,0.37065518427322536,0.37065518427322536,1.0,63032.95,63080.25,63080.25,-0.0007504011790659157,9.518831023952851e-06,-0.0,7.932359186050221e-07,7.932359185888975e-07,7.932359185888975e-07
immediate_600_1_BUY_0.05,immediate,600.0,1,BUY,0.05,18.53275921366127,0.9266379606830635,0.9266379606830635,1.0,63032.95,63080.25,63080.25,0.0007504011790659157,3.172943674697123e-05,0.0,1.0166542212878255e-05,1.0166542212931464e-05,1.0166542212931464e-05
immediate_600_1_SELL_0.05,immediate,600.0,1,SELL,0.05,18.53275921366127,0.9266379606830635,0.9266379606830635,1.0,63032.95,63080.25,63080.25,-0.0007504011790659157,2.2210605722787516e-05,-0.0,2.238621956308164e-06,2.2386219562829455e-06,2.2386219562829455e-06
immediate_600_1_BUY_0.1,immediate,600.0,1,BUY,0.1,18.53275921366127,1.853275921366127,1.853275921366127,1.0,63032.95,63080.25,63080.25,0.0007504011790659157,5.3940042469989604e-05,0.0,1.660499178110262e-05,1.660499178111306e-05,1.660499178111306e-05
immediate_600_1_SELL_0.1,immediate,600.0,1,SELL,0.1,18.53275921366127,1.853275921366127,1.853275921366127,1.0,63032.95,63080.25,63080.25,-0.0007504011790659157,5.394004246975874e-05,-0.0,1.2554711195206548e-05,1.2554711195263905e-05,1.2554711195263905e-05
immediate_600_1_BUY_0.2,immediate,600.0,1,BUY,0.2,18.53275921366127,3.706551842732254,2.80781477428245,0.757527452310688,63032.95,63080.25,63080.25,0.0007504011790659157,7.694388411149758e-05,0.0,2.5130325400847237e-05,1.9036911376627458e-05,0.00014027318522128346
immediate_600_1_SELL_0.2,immediate,600.0,1,SELL,0.2,18.53275921366127,3.706551842732254,3.706551842732254,1.0,63032.95,63080.25,63080.25,-0.0007504011790659157,7.218446859929028e-05,-0.0,2.254297401278082e-05,2.2542974012819528e-05,2.2542974012819528e-05
immediate_600_2_BUY_0.001,immediate,600.0,2,BUY,0.001,15.36732192546781,0.01536732192546781,0.01536732192546781,1.0,62993.15000000001,63016.05,63016.05,0.0003635315903394921,1.587474193715043e-06,0.0,7.937370967420175e-07,7.937370968193563e-07,7.937370968193563e-07
immediate_600_2_SELL_0.001,immediate,600.0,2,SELL,0.001,15.36732192546781,0.01536732192546781,0.01536732192546781,1.0,62993.15000000001,63016.05,63016.05,-0.0003635315903394921,3.174948387199078e-06,-0.0,7.937370968575215e-07,7.937370968193563e-07,7.937370968193563e-07
immediate_600_2_BUY_0.0025,immediate,600.0,2,BUY,0.0025,15.36732192546781,0.03841830481366953,0.03841830481366953,1.0,62993.15000000001,63016.05,63016.05,0.0003635315903394921,3.174948387430086e-06,0.0,7.937370966265135e-07,7.937370965844747e-07,7.937370965844747e-07
immediate_600_2_SELL_0.0025,immediate,600.0,2,SELL,0.0025,15.36732192546781,0.03841830481366953,0.03841830481366953,1.0,62993.15000000001,63016.05,63016.05,-0.0003635315903394921,4.762422580683113e-06,-0.0,7.937370968575215e-07,7.93737096960285e-07,7.93737096960285e-07
immediate_600_2_BUY_0.005,immediate,600.0,2,BUY,0.005,15.36732192546781,0.07683660962733906,0.07683660962733906,1.0,62993.15000000001,63016.05,63016.05,0.0003635315903394921,3.174948387430086e-06,0.0,7.937370966265135e-07,7.937370965844747e-07,7.937370965844747e-07
immediate_600_2_SELL_0.005,immediate,600.0,2,SELL,0.005,15.36732192546781,0.07683660962733906,0.07683660962733906,1.0,62993.15000000001,63016.05,63016.05,-0.0003635315903394921,4.762422580683113e-06,-0.0,7.937370968575215e-07,7.93737096960285e-07,7.93737096960285e-07
immediate_600_2_BUY_0.01,immediate,600.0,2,BUY,0.01,15.36732192546781,0.1536732192546781,0.1536732192546781,1.0,62993.15000000001,63016.05,63016.05,0.0003635315903394921,6.349896774629164e-06,0.0,7.937370966265135e-07,7.937370965844747e-07,7.937370965844747e-07
immediate_600_2_SELL_0.01,immediate,600.0,2,SELL,0.01,15.36732192546781,0.1536732192546781,0.1536732192546781,1.0,62993.15000000001,63016.05,63016.05,-0.0003635315903394921,9.524845161597234e-06,-0.0,1.3211357330424957e-06,1.3211357331431213e-06,1.3211357331431213e-06
immediate_600_2_BUY_0.02,immediate,600.0,2,BUY,0.02,15.36732192546781,0.3073464385093562,0.3073464385093562,1.0,62993.15000000001,63016.05,63016.05,0.0003635315903394921,1.269979354902732e-05,0.0,2.54532125837703e-06,2.5453212582463484e-06,2.5453212582463484e-06
immediate_600_2_SELL_0.02,immediate,600.0,2,SELL,0.02,15.36732192546781,0.3073464385093562,0.3073464385093562,1.0,62993.15000000001,63016.05,63016.05,-0.0003635315903394921,1.4287267742511354e-05,-0.0,4.23238480226459e-06,4.232384802329127e-06,4.232384802329127e-06
immediate_600_2_BUY_0.05,immediate,600.0,2,BUY,0.05,15.36732192546781,0.7683660962733905,0.7683660962733905,1.0,62993.15000000001,63016.05,63016.05,0.0003635315903394921,2.3812112904339596e-05,0.0,5.784430805677008e-06,5.784430805798944e-06,5.784430805798944e-06
immediate_600_2_SELL_0.05,immediate,600.0,2,SELL,0.05,15.36732192546781,0.7683660962733905,0.7683660962733905,1.0,62993.15000000001,63016.05,63016.05,-0.0003635315903394921,2.539958709782363e-05,-0.0,6.904498400859818e-06,6.90449840078801e-06,6.90449840078801e-06
immediate_600_2_BUY_0.1,immediate,600.0,2,BUY,0.1,15.36732192546781,1.536732192546781,1.536732192546781,1.0,62993.15000000001,63016.05,63016.05,0.0003635315903394921,3.492443225988288e-05,0.0,9.638980725723173e-06,9.638980725802931e-06,9.638980725802931e-06
immediate_600_2_SELL_0.1,immediate,600.0,2,SELL,0.1,15.36732192546781,1.536732192546781,1.536732192546781,1.0,62993.15000000001,63016.05,63016.05,-0.0003635315903394921,5.079917419587827e-05,-0.0,1.4395524623747079e-05,1.4395524623714237e-05,1.4395524623714237e-05
immediate_600_2_BUY_0.2,immediate,600.0,2,BUY,0.2,15.36732192546781,3.073464385093562,3.073464385093562,1.0,62993.15000000001,63016.05,63016.05,0.0003635315903394921,4.6036751615195156e-05,0.0,1.156625568586176e-05,1.1566255685880087e-05,1.1566255685880087e-05
immediate_600_2_SELL_0.2,immediate,600.0,2,SELL,0.2,15.36732192546781,3.073464385093562,2.703546254544654,0.87964131540192,62993.15000000001,63016.05,63016.05,-0.0003635315903394921,7.857997258427446e-05,-0.0,2.5315469618918335e-05,2.226853299569065e-05,8.244787529473064e-05
immediate_600_3_BUY_0.001,immediate,600.0,3,BUY,0.001,15.187356815954947,0.015187356815954949,0.015187356815954949,1.0,63057.55,63058.850000000006,63058.850000000006,2.061608800219657e-05,1.5858529233346485e-06,0.0,7.929264615519382e-07,7.929264615344845e-07,7.929264615344845e-07
immediate_600_3_SELL_0.001,immediate,600.0,3,SELL,0.001,15.187356815954947,0.015187356815954949,0.015187356815954949,1.0,63057.55,63058.850000000006,63058.850000000006,-2.061608800219657e-05,1.5858529233346485e-06,-0.0,7.929264616673242e-07,7.929264616531955e-07,7.929264616531955e-07
immediate_600_3_BUY_0.0025,immediate,600.0,3,BUY,0.0025,15.187356815954947,0.03796839203988737,0.03796839203988737,1.0,63057.55,63058.850000000006,63058.850000000006,2.061608800219657e-05,3.171705846438525e-06,0.0,7.929264616673242e-07,7.929264617006801e-07,7.929264617006801e-07
immediate_600_3_SELL_0.0025,immediate,600.0,3,SELL,0.0025,15.187356815954947,0.03796839203988737,0.03796839203988737,1.0,63057.55,63058.850000000006,63058.850000000006,-2.061608800219657e-05,3.171705846669297e-06,-0.0,7.929264615519382e-07,7.929264615107425e-07,7.929264615107425e-07
immediate_600_3_BUY_0.005,immediate,600.0,3,BUY,0.005,15.187356815954947,0.07593678407977474,0.07593678407977474,1.0,63057.55,63058.850000000006,63058.850000000006,2.061608800219657e-05,4.757558769542402e-06,0.0,7.929264616673242e-07,7.929264617006801e-07,7.929264617006801e-07
immediate_600_3_SELL_0.005,immediate,600.0,3,SELL,0.005,15.187356815954947,0.07593678407977474,0.07593678407977474,1.0,63057.55,63058.850000000006,63058.850000000006,-2.061608800219657e-05,6.3434116931078214e-06,-0.0,3.456060293696848e-06,3.4560602936688296e-06,3.4560602936688296e-06
immediate_600_3_BUY_0.01,immediate,600.0,3,BUY,0.01,15.187356815954947,0.15187356815954947,0.15187356815954947,1.0,63057.55,63058.850000000006,63058.850000000006,2.061608800219657e-05,6.34341169287705e-06,0.0,7.929264616673242e-07,7.929264617006801e-07,7.929264617006801e-07
immediate_600_3_SELL_0.01,immediate,600.0,3,SELL,0.01,15.187356815954947,0.15187356815954947,0.15187356815954947,1.0,63057.55,63058.850000000006,63058.850000000006,-2.061608800219657e-05,9.515117539546346e-06,-0.0,5.296199224178304e-06,5.296199224107599e-06,5.296199224107599e-06
immediate_600_3_BUY_0.02,immediate,600.0,3,BUY,0.02,15.187356815954947,0.30374713631909894,0.30374713631909894,1.0,63057.55,63058.850000000006,63058.850000000006,2.061608800219657e-05,1.26868233857541e-05,0.0,3.5559503226534257e-06,3.5559503226764044e-06,3.5559503226764044e-06
immediate_600_3_SELL_0.02,immediate,600.0,3,SELL,0.02,15.187356815954947,0.30374713631909894,0.30374713631909894,1.0,63057.55,63058.850000000006,63058.850000000006,-2.061608800219657e-05,1.5858529232423398e-05,-0.0,9.364469906513156e-06,9.364469906455551e-06,9.364469906455551e-06
immediate_600_3_BUY_0.05,immediate,600.0,3,BUY,0.05,15.187356815954947,0.7593678407977474,0.7593678407977474,1.0,63057.55,63058.850000000006,63058.850000000006,2.061608800219657e-05,2.06160880019658e-05,0.0,5.704183021718763e-06,5.704183021798383e-06,5.704183021798383e-06
immediate_600_3_SELL_0.05,immediate,600.0,3,SELL,0.05,15.187356815954947,0.7593678407977474,0.7593678407977473,0.9999999999999999,63057.55,63058.850000000006,63058.850000000006,-2.061608800219657e-05,2.220194092553122e-05,-0.0,1.1833637871219657e-05,1.183363787124538e-05,1.1833637871245436e-05
immediate_600_3_BUY_0.1,immediate,600.0,3,BUY,0.1,15.187356815954947,1.5187356815954949,1.5187356815954947,0.9999999999999999,63057.55,63058.850000000006,63058.850000000006,2.061608800219657e-05,4.440388185060089e-05,0.0,1.2355151669839193e-05,1.2355151669798161e-05,1.2355151669798217e-05
immediate_600_3_SELL_0.1,immediate,600.0,3,SELL,0.1,15.187356815954947,1.5187356815954949,1.5187356815954949,1.0,63057.55,63058.850000000006,63058.850000000006,-2.061608800219657e-05,3.488876431151609e-05,-0.0,1.3380593312296351e-05,1.3380593312192361e-05,1.3380593312192361e-05
immediate_600_3_BUY_0.2,immediate,600.0,3,BUY,0.2,15.187356815954947,3.0374713631909898,3.0374713631909898,1.0,63057.55,63058.850000000006,63058.850000000006,2.061608800219657e-05,6.739874923768405e-05,0.0,1.984281641531925e-05,1.984281641539245e-05,1.984281641539245e-05
immediate_600_3_SELL_0.2,immediate,600.0,3,SELL,0.2,15.187356815954947,3.0374713631909898,3.0374713631909893,0.9999999999999999,63057.55,63058.850000000006,63058.850000000006,-2.061608800219657e-05,5.867655816015119e-05,-0.0,1.9113209062727902e-05,1.9113209062836e-05,1.9113209062836055e-05
immediate_600_4_BUY_0.001,immediate,600.0,4,BUY,0.001,40.056395233641496,0.0400563952336415,0.0400563952336415,1.0,63039.05,63061.75,63061.75,0.0003600942590346315,4.7589549652621725e-06,0.0,7.931591606846624e-07,7.931591607580393e-07,7.931591607580393e-07
immediate_600_4_SELL_0.001,immediate,600.0,4,SELL,0.001,40.056395233641496,0.0400563952336415,0.0400563952336415,1.0,63039.05,63061.75,63061.75,-0.0003600942590346315,3.1726366434311685e-06,-0.0,7.931591609155021e-07,7.93159160938129e-07,7.93159160938129e-07
immediate_600_4_BUY_0.0025,immediate,600.0,4,BUY,0.0025,40.056395233641496,0.10014098808410374,0.10014098808410374,1.0,63039.05,63061.75,63061.75,0.0003600942590346315,7.931591608693342e-06,0.0,2.0706393424061094e-06,2.0706393422992177e-06,2.0706393422992177e-06
immediate_600_4_SELL_0.0025,immediate,600.0,4,SELL,0.0025,40.056395233641496,0.10014098808410374,0.10014098808410374,1.0,63039.05,63061.75,63061.75,-0.0003600942590346315,6.345273286862337e-06,-0.0,3.4464024982934653e-06,3.4464024983979654e-06,3.4464024983979654e-06
immediate_600_4_BUY_0.005,immediate,600.0,4,BUY,0.005,40.056395233641496,0.20028197616820748,0.20028197616820748,1.0,63039.05,63061.75,63061.75,0.0003600942590346315,1.110422825212451e-05,0.0,4.604535895091974e-06,4.604535894993001e-06,4.604535894993001e-06
immediate_600_4_SELL_0.005,immediate,600.0,4,SELL,0.005,40.056395233641496,0.20028197616820748,0.20028197616820748,1.0,63039.05,63061.75,63061.75,-0.0003600942590346315,9.517909930524345e-06,-0.0,5.292417473151072e-06,5.292417473258482e-06,5.292417473258482e-06
immediate_600_4_BUY_0.01,immediate,600.0,4,BUY,0.01,40.056395233641496,0.40056395233641495,0.40056395233641495,1.0,63039.05,63061.75,63061.75,0.0003600942590346315,1.5863183217386684e-05,0.0,5.871484171434906e-06,5.871484171411928e-06,5.871484171411928e-06
immediate_600_4_SELL_0.01,immediate,600.0,4,SELL,0.01,40.056395233641496,0.40056395233641495,0.40056395233641495,1.0,63039.05,63061.75,63061.75,-0.0003600942590346315,1.2690546573955514e-05,-0.0,6.215424960637585e-06,6.215424960688741e-06,6.215424960688741e-06
immediate_600_4_BUY_0.02,immediate,600.0,4,BUY,0.02,40.056395233641496,0.8011279046728299,0.8011279046728299,1.0,63039.05,63061.75,63061.75,0.0003600942590346315,2.0622138182648856e-05,0.0,6.504958309490953e-06,6.50495830947732e-06,6.50495830947732e-06
immediate_600_4_SELL_0.02,immediate,600.0,4,SELL,0.02,40.056395233641496,0.8011279046728299,0.8011279046728299,1.0,63039.05,63061.75,63061.75,-0.0003600942590346315,3.014004811294236e-05,-0.0,1.2335615962781946e-05,1.2335615962872948e-05,1.2335615962872948e-05
immediate_600_4_BUY_0.05,immediate,600.0,4,BUY,0.05,40.056395233641496,2.002819761682075,2.002819761682075,1.0,63039.05,63061.75,63061.75,0.0003600942590346315,4.124427636529771e-05,0.0,8.38067882052184e-06,8.38067882057757e-06,8.38067882057757e-06
immediate_600_4_SELL_0.05,immediate,600.0,4,SELL,0.05,40.056395233641496,2.002819761682075,2.002819761682075,1.0,63039.05,63061.75,63061.75,-0.0003600942590346315,5.552114126085339e-05,-0.0,2.648035458104793e-05,2.6480354581052542e-05,2.6480354581052542e-05
immediate_600_4_BUY_0.1,immediate,600.0,4,BUY,0.1,40.056395233641496,4.00563952336415,4.00563952336415,1.0,63039.05,63061.75,63061.75,0.0003600942590346315,8.486803021299567e-05,0.0,1.794917240521457e-05,1.7949172405301685e-05,1.7949172405301685e-05
immediate_600_4_SELL_0.1,immediate,600.0,4,SELL,0.1,40.056395233641496,4.00563952336415,2.6575941666405387,0.6634631376935659,63039.05,63061.75,63061.75,-0.0003600942590346315,6.900484699560899e-05,-0.0,3.0428702922149138e-05,2.0188322716634476e-05,0.00018845675386985154
immediate_600_4_BUY_0.2,immediate,600.0,4,BUY,0.2,40.056395233641496,8.0112790467283,8.011279046728301,1.0000000000000002,63039.05,63061.75,63061.75,0.0003600942590346315,0.00012611230657817797,0.0,3.043226514883196e-05,3.043226514890935e-05,3.0432265148909237e-05
immediate_600_4_SELL_0.2,immediate,600.0,4,SELL,0.2,40.056395233641496,8.0112790467283,2.6575941666405387,0.33173156884678295,63039.05,63061.75,63061.75,-0.0003600942590346315,6.900484699560899e-05,-0.0,3.0428702922149138e-05,1.0094161358317238e-05,0.00034422837693492573
