regime,granularity,variant,method,seed,primary,n_parents,median_children,median_duration_s,median_q_btc,median_participation,positive_share,mean_impact_bps,mean_100ms_bps,median_end_price_delay_s,trajectory_half,positive_only_delta,delta,prefactor,power_r2,log_r2,delta_at_boundary,n_fit_bins
normal,aggressive,random_n6,random_traders,7,True,35892,3.0,29.957492000000002,0.014307665,0.2190134067546748,0.6082413908391843,1.665622314326389,1.7376425621761693,2.0996040000000002,0.4724353480312775,0.132,0.21699999999999997,0.07073856338513812,0.9729440437064815,0.8930780842405626,False,19
normal,aggressive,random_n6,random_traders,23,True,35730,3.0,30.3584,0.014827449999999999,0.2198698900621304,0.6061013154212147,1.668681183553839,1.7460138820704136,2.093909,0.45537544743689273,0.122,0.20500000000000002,0.06377894873415474,0.9750257437927238,0.9133836963073425,False,19
normal,aggressive,random_n6,random_traders,71,True,35873,3.0,29.821487,0.01463258,0.22148256431246285,0.6056644272851448,1.668571462136746,1.743093683574785,2.078828,0.4547241289084764,0.121,0.21200000000000002,0.06783204091590167,0.9737672339449202,0.9182005260455242,False,19
normal,aggressive,random_n20,random_traders,7,False,37726,3.0,96.9160835,0.015307250000000001,0.03698644703952712,0.6111700153740126,2.206927639121998,2.3049007573050195,1.912287,0.4767475268597798,0.128,0.239,0.11639882231146047,0.9744537270104229,0.8986829356567262,False,19
normal,aggressive,random_n20,random_traders,23,False,37773,3.0,95.847506,0.015604199999999999,0.03760940949222352,0.6109125565880391,2.191310564560821,2.292037194134214,1.882908,0.4919119799940373,0.11499999999999999,0.257,0.13068731099532632,0.9257560798429139,0.7917387525670588,False,19
normal,aggressive,random_n20,random_traders,71,False,37643,3.0,96.225999,0.015272220000000001,0.0362451729022688,0.6125972956459368,2.216368379220331,2.3143194446365825,1.876371,0.48223919697614204,0.10599999999999998,0.20400000000000001,0.08371083284909459,0.9708747913288431,0.9145664893863519,False,19
normal,aggressive,threshold_wait5s,time_threshold,7,True,8467,2.0,6.625954,0.006001189999999999,0.7899465619902251,0.48423290421636944,0.6310387990399425,0.6755251139679022,2.30073,0.6485954636663541,0.069,0.15599999999999997,0.015070768354575272,0.7464329414671407,0.878463559596087,False,17
normal,aggressive,threshold_wait5s,time_threshold,23,True,8401,2.0,6.751581,0.00585645,0.7666226760359591,0.4769670277347935,0.6602511234304534,0.6990093482569385,2.363531,0.41543845869243834,0.065,0.122,0.01107725825108366,0.6104534357392546,0.7332483352110977,False,17
normal,aggressive,threshold_wait5s,time_threshold,71,True,8393,2.0,6.774667,0.00581012,0.7820633269236392,0.476706779459073,0.6615291503310755,0.7014018500022929,2.383559,0.3971279359449861,0.05399999999999999,0.045999999999999985,0.004205445393659013,0.07321112263238583,0.1028504753133429,False,17
normal,aggressive,threshold_wait20s,time_threshold,7,False,5421,2.0,19.647971,0.005678979999999999,0.23893665749670345,0.4851503412654492,0.6163802052993332,0.6552870810633908,2.503672,0.4976923745754423,0.045999999999999985,0.17099999999999999,0.017778934659178472,0.5436175159087756,0.6282101483264727,False,16
normal,aggressive,threshold_wait20s,time_threshold,23,False,5359,2.0,19.971628,0.00533986,0.23184369960580256,0.49132300802388507,0.682469149195197,0.7228527202019682,2.597924,0.3524002351572764,0.045999999999999985,0.15199999999999997,0.017316042567394007,0.8099567587137166,0.8071044897570107,False,15
normal,aggressive,threshold_wait20s,time_threshold,71,False,5405,2.0,19.812208,0.00545009,0.2444816445429349,0.4925069380203515,0.6064578791083242,0.6443446749359454,2.550175,1.895608407113354,0.04799999999999999,0.15000000000000002,0.014819183242758624,0.5222804645101478,0.5975315163431416,False,15
normal,aggressive,local_run_1s,local_runs,7,True,21255,2.0,0.373464,0.00847382,0.9999999999998214,0.545989179016702,0.905900880050595,0.8917657560111563,2.852528,0.38969195252158384,0.15699999999999997,0.197,0.03080317616803951,0.9431840289219919,0.8963115662028187,False,19
normal,fill,random_n6,random_traders,7,True,68223,3.0,13.588431,0.00812339,0.1779919506472677,0.7000571654720549,1.8825043468886182,1.9352143054811395,2.152962,0.5225861599204676,0.139,0.174,0.06056953382133079,0.9527273813750892,0.8244969531707464,False,19
normal,fill,random_n6,random_traders,23,True,68343,3.0,13.510208,0.008067940000000001,0.1767438729706496,0.7017251218120364,1.8811938746074257,1.9345659155133905,2.159909,0.5225071478905237,0.14,0.175,0.060710798249688946,0.9575587908791419,0.8287048834444426,False,19
normal,fill,random_n6,random_traders,71,True,68115,3.0,13.526334,0.00821887,0.17877232866132894,0.7006239447992366,1.877803668978964,1.929600059289091,2.146621,0.523692853800192,0.14,0.174,0.06095521832278312,0.9536093358952934,0.8085454248385482,False,19
normal,fill,threshold_wait5s,time_threshold,7,True,10024,2.0,7.05115,0.00173536,0.15062611151726435,0.514365522745411,0.6989546057196241,0.7403681999475831,2.479335,0.4584917324032716,0.08500000000000002,0.138,0.016371365755317942,0.6352413364714451,0.5492836465301834,False,15
normal,fill,threshold_wait5s,time_threshold,23,True,10207,2.0,7.176588,0.0017464400000000001,0.15543187229828248,0.5073968844910356,0.6858495731619066,0.7242865689891574,2.582128,0.4323910457145974,0.08600000000000002,0.16299999999999998,0.021606769913074687,0.6949162961067428,0.6039172473627987,False,15
normal,fill,threshold_wait5s,time_threshold,71,True,10234,2.0,7.1085615,0.00174964,0.15373911388688116,0.5263826460816885,0.7381921122286617,0.7784908780096086,2.429753,0.5260208235267699,0.07400000000000001,0.08300000000000002,0.008970135435705559,0.3229493227464386,0.3262104495034842,False,15
stress,aggressive,random_n6,random_traders,7,True,43024,3.0,27.6981245,0.013675145,0.22052270141955319,0.65686593529193,1.886028072935501,1.9614469470127516,1.8931339999999999,0.4626827481899279,0.14800000000000002,0.22699999999999998,0.08330109582830438,0.9340992172444976,0.809590706958858,False,19
stress,aggressive,random_n6,random_traders,23,True,43068,3.0,27.671389,0.0137591,0.2160324811735947,0.6565895792699916,1.8653191638490827,1.9435127719614451,1.8774125000000002,0.46944752172901116,0.134,0.20400000000000001,0.06761503300945955,0.9824807762353339,0.9144860857549226,False,19
stress,aggressive,random_n6,random_traders,71,True,43155,3.0,27.856708,0.013642020000000001,0.21852470486005496,0.6587880894450238,1.8750951459102296,1.949928286308874,1.883197,0.46229081826045215,0.14900000000000002,0.20900000000000002,0.07097166532451549,0.9780924588549235,0.888043685186902,False,19
stress,aggressive,random_n20,random_traders,7,False,44968,3.0,90.0004215,0.014132735,0.036549170619666504,0.6343399750933998,2.405696626511169,2.501382431698778,1.719634,0.48857841344599556,0.15399999999999997,0.273,0.16905250671530384,0.984659243218654,0.8022226110816801,False,19
stress,aggressive,random_n20,random_traders,23,False,45068,3.0,90.06735900000001,0.014168235000000001,0.03676042756049623,0.634374722641342,2.3975672435311717,2.4974955025598056,1.7254654999999999,0.49708077050279814,0.15199999999999997,0.253,0.14151489147660737,0.9858984120661909,0.8496426647832127,False,19
stress,aggressive,random_n20,random_traders,71,False,45214,3.0,88.832872,0.014101935,0.03773324727232778,0.6391383199893839,2.4202092771038823,2.5172730281225237,1.70451,0.4679826486859413,0.134,0.22599999999999998,0.11393140159749808,0.9606963424771786,0.8571990178019246,False,19
stress,aggressive,threshold_wait5s,time_threshold,7,True,9981,2.0,6.75343,0.00582835,0.7513492681802272,0.5400260494940387,0.7681846943068574,0.8167601967081097,2.154687,0.4540626242964908,0.08899999999999997,0.15699999999999997,0.017141015309567735,0.8149800266246702,0.911856301980252,False,17
stress,aggressive,threshold_wait5s,time_threshold,23,True,10204,2.0,6.6782675000000005,0.005861555,0.7641288906487504,0.5343002744021952,0.7097411871235471,0.7644635998461121,2.2133655,0.39822266896315556,0.07700000000000001,0.11199999999999999,0.010240670649763538,0.5798781954250481,0.6617483023126213,False,16
stress,aggressive,threshold_wait5s,time_threshold,71,True,10183,2.0,6.720828,0.00609357,0.7640670691166331,0.5381518216635569,0.7515304515489475,0.7943004557857847,2.153728,0.26012017889446176,0.09099999999999997,0.14500000000000002,0.015023920341436087,0.7680280131130293,0.8815780759341153,False,17
stress,aggressive,threshold_wait20s,time_threshold,7,False,6260,2.0,19.4221285,0.00576288,0.24174685603625576,0.5242811501597444,0.6821446917531435,0.7166513274118046,2.5272414999999997,0.18086869458171545,0.10399999999999998,0.26,0.04817443043331942,0.8511244713467804,0.8166894206013569,False,15
stress,aggressive,threshold_wait20s,time_threshold,23,False,6325,2.0,19.759879,0.005424269999999999,0.2436576582152347,0.5253754940711463,0.6380533374505412,0.672572203781511,2.328726,0.38394738243217647,0.055999999999999994,0.123,0.010834695990509518,0.40515774013076944,0.46507522839085225,False,17
stress,aggressive,threshold_wait20s,time_threshold,71,False,6300,2.0,20.026224499999998,0.005576454999999999,0.2366288754123278,0.516984126984127,0.6512182370696644,0.6800246636885414,2.4268929999999997,0.5059044646447368,0.07500000000000001,0.138,0.011718784317926778,0.5228095394083268,0.6285365545057103,False,15
stress,aggressive,local_run_1s,local_runs,7,True,28359,2.0,0.363068,0.007552480000000001,0.9999999999995672,0.6384921894284001,0.984293908884866,0.9659142042962268,2.715454,0.392243230946848,0.23399999999999999,0.36900000000000005,0.102166671880182,0.8151998166875236,0.5726319404910767,False,20
stress,fill,random_n6,random_traders,7,True,79290,3.0,12.986642499999999,0.007939370000000001,0.18356742305197066,0.7215916256778913,1.8825818124878908,1.947204135734343,1.93787,0.5142868563852335,0.173,0.23099999999999998,0.09169685774495352,0.9020707385245561,0.7252330855329316,False,20
stress,fill,random_n6,random_traders,23,True,79254,3.0,12.869002,0.007900185,0.18335419018798646,0.7229288111641052,1.8891813726716218,1.954275867528203,1.9503285,0.5083958698378443,0.137,0.21200000000000002,0.0789481018076073,0.9178244292889681,0.7584121874321007,False,20
stress,fill,random_n6,random_traders,71,True,79454,3.0,12.865804,0.00795969,0.1832399214804346,0.7213733732725854,1.8831834765543034,1.949076451526966,1.9328335,0.5139720742530879,0.17099999999999999,0.21500000000000002,0.08111278823455205,0.9503526235678089,0.793675425573211,False,20
stress,fill,threshold_wait5s,time_threshold,7,True,12213,2.0,6.993561,0.0016952400000000002,0.15584524477729186,0.5628428723491362,0.7589403031431959,0.7994109669290873,2.227401,0.4142292772174357,0.127,0.177,0.026183090716901166,0.6266341267105939,0.5264359408248382,False,15
stress,fill,threshold_wait5s,time_threshold,23,True,12085,2.0,6.950922,0.00168915,0.1601684770308094,0.5606950765411667,0.7434653882525134,0.7893444712622393,2.150593,0.46334978135966465,0.10799999999999998,0.044999999999999984,0.004585310561070461,0.08966358541273722,0.11371067616315644,False,16
stress,fill,threshold_wait5s,time_threshold,71,True,12204,2.0,7.053185,0.00170436,0.1571217652220494,0.5637495902982629,0.751555573057793,0.7955431588281329,2.2087554999999996,0.47723546961271707,0.09599999999999997,0.10299999999999998,0.009694052916765797,0.4141525307195294,0.45137935064404155,False,15
